line_name,id:ID,:LABEL
北京大兴区35kV③线,gl0,GIS;LINE
北京昌平区10kVⅤ线,gl1,GIS;LINE
柱土家族自治县10kV③线,gl2,GIS;LINE
忠县35kV②线,gl3,GIS;LINE
巫溪县10kV①线,gl4,GIS;LINE
奉节县10kVⅤ线,gl5,GIS;LINE
巴南区35kVⅠ线,gl6,GIS;LINE
阳土家族苗族自治县10kVⅢ线,gl7,GIS;LINE
奉节县6kVⅣ线,gl8,GIS;LINE
丰都县10kV③线,gl9,GIS;LINE
北京房山区6kVⅤ线,gl10,GIS;LINE
山土家族苗族自治县6kV②线,gl11,GIS;LINE
永川区35kVⅠ线,gl12,GIS;LINE
南岸区6kVⅡ线,gl13,GIS;LINE
北京顺义区6kVⅢ线,gl14,GIS;LINE
北京崇文区35kVⅡ线,gl15,GIS;LINE
奉节县10kV①线,gl16,GIS;LINE
北京顺义区6kV②线,gl17,GIS;LINE
彭水苗族土家族自治县6kV①线,gl18,GIS;LINE
黔江区10kVⅢ线,gl19,GIS;LINE
梁平县6kVⅢ线,gl20,GIS;LINE
沙坪坝区6kVⅣ线,gl21,GIS;LINE
渝北区35kVⅠ线,gl22,GIS;LINE
北京海淀区10kVⅤ线,gl23,GIS;LINE
北京延庆县35kVⅣ线,gl24,GIS;LINE
大足县6kVⅤ线,gl25,GIS;LINE
九龙坡区35kV③线,gl26,GIS;LINE
奉节县10kVⅠ线,gl27,GIS;LINE
北京密云县10kVⅤ线,gl28,GIS;LINE
合川区35kV②线,gl29,GIS;LINE
双桥区35kV③线,gl30,GIS;LINE
北京东城区35kV①线,gl31,GIS;LINE
巫山县6kVⅢ线,gl32,GIS;LINE
北京大兴区6kVⅡ线,gl33,GIS;LINE
柱土家族自治县35kVⅠ线,gl34,GIS;LINE
南川区綦江县6kVⅣ线,gl35,GIS;LINE
合川区10kVⅢ线,gl36,GIS;LINE
璧山县6kVⅣ线,gl37,GIS;LINE
合川区35kV②线,gl38,GIS;LINE
北京宣武区6kVⅢ线,gl39,GIS;LINE
彭水苗族土家族自治县35kVⅠ线,gl40,GIS;LINE
北京怀柔区6kVⅡ线,gl41,GIS;LINE
万州区6kVⅠ线,gl42,GIS;LINE
大渡口区10kVⅡ线,gl43,GIS;LINE
阳土家族苗族自治县10kVⅢ线,gl44,GIS;LINE
江北区10kVⅡ线,gl45,GIS;LINE
柱土家族自治县10kVⅤ线,gl46,GIS;LINE
北京朝阳区6kVⅢ线,gl47,GIS;LINE
阳土家族苗族自治县35kV②线,gl48,GIS;LINE
巫山县10kVⅢ线,gl49,GIS;LINE
大渡口区6kVⅠ线,gl50,GIS;LINE
潼南县6kVⅠ线,gl51,GIS;LINE
大足县10kV③线,gl52,GIS;LINE
北京昌平区6kVⅣ线,gl53,GIS;LINE
南川区綦江县6kV②线,gl54,GIS;LINE
北京密云县6kVⅤ线,gl55,GIS;LINE
丰都县6kVⅣ线,gl56,GIS;LINE
北京石景山区10kVⅢ线,gl57,GIS;LINE
彭水苗族土家族自治县35kVⅤ线,gl58,GIS;LINE
垫江县10kVⅡ线,gl59,GIS;LINE
北碚区35kV③线,gl60,GIS;LINE
巴南区6kVⅤ线,gl61,GIS;LINE
北京朝阳区6kVⅠ线,gl62,GIS;LINE
南岸区6kVⅤ线,gl63,GIS;LINE
山土家族苗族自治县6kVⅡ线,gl64,GIS;LINE
铜梁县35kV③线,gl65,GIS;LINE
城口县10kVⅣ线,gl66,GIS;LINE
潼南县6kV③线,gl67,GIS;LINE
璧山县6kV②线,gl68,GIS;LINE
永川区35kVⅤ线,gl69,GIS;LINE
北碚区10kVⅠ线,gl70,GIS;LINE
北京大兴区10kV②线,gl71,GIS;LINE
北京海淀区35kVⅣ线,gl72,GIS;LINE
合川区6kV②线,gl73,GIS;LINE
北京平谷区6kVⅠ线,gl74,GIS;LINE
北京西城区10kVⅠ线,gl75,GIS;LINE
北京通州区6kVⅢ线,gl76,GIS;LINE
阳土家族苗族自治县35kVⅠ线,gl77,GIS;LINE
北碚区6kVⅡ线,gl78,GIS;LINE
北京崇文区6kV②线,gl79,GIS;LINE
柱土家族自治县35kVⅡ线,gl80,GIS;LINE
南川区綦江县35kV③线,gl81,GIS;LINE
丰都县10kVⅤ线,gl82,GIS;LINE
北京怀柔区10kV②线,gl83,GIS;LINE
江津区10kV②线,gl84,GIS;LINE
垫江县35kVⅡ线,gl85,GIS;LINE
梁平县35kVⅣ线,gl86,GIS;LINE
武隆县10kVⅣ线,gl87,GIS;LINE
江北区10kVⅢ线,gl88,GIS;LINE
南岸区6kVⅢ线,gl89,GIS;LINE
大足县10kVⅡ线,gl90,GIS;LINE
长寿区10kV①线,gl91,GIS;LINE
北碚区6kVⅣ线,gl92,GIS;LINE
北京顺义区35kVⅡ线,gl93,GIS;LINE
丰都县6kVⅣ线,gl94,GIS;LINE
潼南县35kV②线,gl95,GIS;LINE
渝北区35kV③线,gl96,GIS;LINE
江津区10kVⅡ线,gl97,GIS;LINE
山土家族苗族自治县6kV②线,gl98,GIS;LINE
合川区6kVⅢ线,gl99,GIS;LINE
北京通州区35kV②线,gl100,GIS;LINE
大足县35kV①线,gl101,GIS;LINE
北京崇文区10kV①线,gl102,GIS;LINE
南岸区6kVⅢ线,gl103,GIS;LINE
江北区6kVⅡ线,gl104,GIS;LINE
潼南县6kVⅢ线,gl105,GIS;LINE
璧山县6kVⅣ线,gl106,GIS;LINE
北京东城区10kVⅤ线,gl107,GIS;LINE
双桥区35kV①线,gl108,GIS;LINE
九龙坡区10kVⅡ线,gl109,GIS;LINE
长寿区35kVⅢ线,gl110,GIS;LINE
北京门头沟区35kVⅠ线,gl111,GIS;LINE
巫溪县10kV③线,gl112,GIS;LINE
北京西城区10kV②线,gl113,GIS;LINE
九龙坡区35kVⅤ线,gl114,GIS;LINE
巫山县35kV③线,gl115,GIS;LINE
北京东城区6kV①线,gl116,GIS;LINE
大足县35kVⅡ线,gl117,GIS;LINE
北京顺义区6kVⅣ线,gl118,GIS;LINE
奉节县35kVⅤ线,gl119,GIS;LINE
铜梁县35kV②线,gl120,GIS;LINE
北京平谷区35kV②线,gl121,GIS;LINE
北京大兴区10kVⅢ线,gl122,GIS;LINE
双桥区10kVⅤ线,gl123,GIS;LINE
忠县6kV③线,gl124,GIS;LINE
涪陵区35kVⅣ线,gl125,GIS;LINE
铜梁县10kVⅣ线,gl126,GIS;LINE
荣昌县6kVⅠ线,gl127,GIS;LINE
奉节县10kV③线,gl128,GIS;LINE
大渡口区10kVⅠ线,gl129,GIS;LINE
北京顺义区6kVⅢ线,gl130,GIS;LINE
忠县6kV②线,gl131,GIS;LINE
江津区35kVⅢ线,gl132,GIS;LINE
巫山县6kV②线,gl133,GIS;LINE
北碚区10kV①线,gl134,GIS;LINE
潼南县10kVⅠ线,gl135,GIS;LINE
北京密云县35kVⅣ线,gl136,GIS;LINE
北京通州区35kVⅢ线,gl137,GIS;LINE
九龙坡区35kVⅤ线,gl138,GIS;LINE
北京怀柔区10kV②线,gl139,GIS;LINE
北京朝阳区10kVⅤ线,gl140,GIS;LINE
奉节县35kV①线,gl141,GIS;LINE
北京密云县35kV②线,gl142,GIS;LINE
南川区綦江县10kV②线,gl143,GIS;LINE
城口县10kVⅡ线,gl144,GIS;LINE
奉节县10kV①线,gl145,GIS;LINE
彭水苗族土家族自治县35kVⅠ线,gl146,GIS;LINE
沙坪坝区6kV②线,gl147,GIS;LINE
柱土家族自治县35kVⅣ线,gl148,GIS;LINE
北京怀柔区10kV②线,gl149,GIS;LINE
涪陵区35kV②线,gl150,GIS;LINE
北京崇文区6kV③线,gl151,GIS;LINE
北京通州区6kV③线,gl152,GIS;LINE
北京房山区35kV①线,gl153,GIS;LINE
山土家族苗族自治县35kVⅠ线,gl154,GIS;LINE
忠县35kVⅠ线,gl155,GIS;LINE
黔江区10kV①线,gl156,GIS;LINE
北京石景山区10kVⅢ线,gl157,GIS;LINE
黔江区10kV②线,gl158,GIS;LINE
黔江区10kVⅤ线,gl159,GIS;LINE
涪陵区35kVⅤ线,gl160,GIS;LINE
丰都县10kVⅢ线,gl161,GIS;LINE
武隆县6kVⅢ线,gl162,GIS;LINE
北京通州区35kVⅤ线,gl163,GIS;LINE
阳土家族苗族自治县35kVⅡ线,gl164,GIS;LINE
渝北区6kVⅠ线,gl165,GIS;LINE
北京延庆县10kVⅢ线,gl166,GIS;LINE
渝北区35kVⅤ线,gl167,GIS;LINE
江津区10kVⅠ线,gl168,GIS;LINE
沙坪坝区35kVⅣ线,gl169,GIS;LINE
长寿区10kVⅣ线,gl170,GIS;LINE
沙坪坝区35kV③线,gl171,GIS;LINE
北京朝阳区6kVⅣ线,gl172,GIS;LINE
北京西城区6kVⅢ线,gl173,GIS;LINE
南岸区35kVⅢ线,gl174,GIS;LINE
北京密云县6kVⅢ线,gl175,GIS;LINE
北京密云县6kV③线,gl176,GIS;LINE
北京通州区6kV①线,gl177,GIS;LINE
梁平县35kVⅡ线,gl178,GIS;LINE
永川区6kVⅣ线,gl179,GIS;LINE
武隆县6kVⅤ线,gl180,GIS;LINE
忠县6kV②线,gl181,GIS;LINE
巫溪县10kVⅣ线,gl182,GIS;LINE
万州区10kV③线,gl183,GIS;LINE
大足县6kV②线,gl184,GIS;LINE
北京昌平区6kVⅣ线,gl185,GIS;LINE
渝北区6kVⅠ线,gl186,GIS;LINE
大渡口区10kVⅣ线,gl187,GIS;LINE
渝中区35kV②线,gl188,GIS;LINE
北京海淀区6kVⅡ线,gl189,GIS;LINE
江津区10kVⅢ线,gl190,GIS;LINE
渝北区6kVⅣ线,gl191,GIS;LINE
垫江县10kV①线,gl192,GIS;LINE
山土家族苗族自治县35kVⅢ线,gl193,GIS;LINE
彭水苗族土家族自治县10kV③线,gl194,GIS;LINE
阳土家族苗族自治县10kV③线,gl195,GIS;LINE
北京丰台区6kV①线,gl196,GIS;LINE
北京通州区6kV①线,gl197,GIS;LINE
北京通州区10kV③线,gl198,GIS;LINE
北京丰台区10kV③线,gl199,GIS;LINE
彭水苗族土家族自治县6kVⅠ线,gl200,GIS;LINE
巴南区35kVⅡ线,gl201,GIS;LINE
山土家族苗族自治县10kVⅤ线,gl202,GIS;LINE
巴南区6kVⅠ线,gl203,GIS;LINE
北京延庆县35kVⅢ线,gl204,GIS;LINE
武隆县6kVⅠ线,gl205,GIS;LINE
大足县10kVⅤ线,gl206,GIS;LINE
双桥区10kVⅤ线,gl207,GIS;LINE
城口县10kV②线,gl208,GIS;LINE
黔江区6kVⅤ线,gl209,GIS;LINE
璧山县10kVⅡ线,gl210,GIS;LINE
北京平谷区6kVⅤ线,gl211,GIS;LINE
北京宣武区35kVⅣ线,gl212,GIS;LINE
大足县35kVⅣ线,gl213,GIS;LINE
大渡口区6kVⅢ线,gl214,GIS;LINE
北京延庆县35kV①线,gl215,GIS;LINE
合川区10kV②线,gl216,GIS;LINE
武隆县10kVⅡ线,gl217,GIS;LINE
彭水苗族土家族自治县35kV③线,gl218,GIS;LINE
北京西城区6kVⅣ线,gl219,GIS;LINE
渝北区35kVⅢ线,gl220,GIS;LINE
北京门头沟区6kV①线,gl221,GIS;LINE
万州区6kV①线,gl222,GIS;LINE
柱土家族自治县10kVⅠ线,gl223,GIS;LINE
北京房山区35kVⅣ线,gl224,GIS;LINE
北京东城区35kVⅠ线,gl225,GIS;LINE
九龙坡区10kVⅤ线,gl226,GIS;LINE
北京昌平区6kVⅢ线,gl227,GIS;LINE
武隆县35kV③线,gl228,GIS;LINE
九龙坡区6kV①线,gl229,GIS;LINE
大渡口区10kV①线,gl230,GIS;LINE
北京延庆县6kV③线,gl231,GIS;LINE
忠县10kVⅡ线,gl232,GIS;LINE
北京丰台区35kVⅣ线,gl233,GIS;LINE
双桥区35kV①线,gl234,GIS;LINE
北京西城区35kVⅢ线,gl235,GIS;LINE
大渡口区6kV②线,gl236,GIS;LINE
北京朝阳区35kV②线,gl237,GIS;LINE
北京密云县10kV②线,gl238,GIS;LINE
北京密云县35kVⅣ线,gl239,GIS;LINE
北京延庆县6kVⅠ线,gl240,GIS;LINE
铜梁县6kV①线,gl241,GIS;LINE
北京东城区6kVⅤ线,gl242,GIS;LINE
北京房山区6kVⅡ线,gl243,GIS;LINE
北京西城区35kVⅡ线,gl244,GIS;LINE
北京密云县6kVⅣ线,gl245,GIS;LINE
江北区10kVⅢ线,gl246,GIS;LINE
潼南县10kV①线,gl247,GIS;LINE
大渡口区10kVⅣ线,gl248,GIS;LINE
黔江区10kV①线,gl249,GIS;LINE
黔江区35kVⅣ线,gl250,GIS;LINE
北京延庆县35kV③线,gl251,GIS;LINE
大渡口区10kVⅡ线,gl252,GIS;LINE
沙坪坝区6kVⅤ线,gl253,GIS;LINE
铜梁县6kV②线,gl254,GIS;LINE
北京大兴区10kV①线,gl255,GIS;LINE
山土家族苗族自治县35kVⅡ线,gl256,GIS;LINE
江津区10kV②线,gl257,GIS;LINE
北京顺义区35kVⅤ线,gl258,GIS;LINE
北京丰台区6kVⅤ线,gl259,GIS;LINE
梁平县6kV③线,gl260,GIS;LINE
江津区10kVⅤ线,gl261,GIS;LINE
忠县6kVⅣ线,gl262,GIS;LINE
北京海淀区35kV①线,gl263,GIS;LINE
巫溪县35kVⅡ线,gl264,GIS;LINE
梁平县10kV②线,gl265,GIS;LINE
巴南区35kVⅣ线,gl266,GIS;LINE
北京丰台区6kVⅣ线,gl267,GIS;LINE
万盛区6kVⅤ线,gl268,GIS;LINE
九龙坡区10kV②线,gl269,GIS;LINE
铜梁县35kVⅠ线,gl270,GIS;LINE
南岸区35kVⅡ线,gl271,GIS;LINE
北京平谷区10kV①线,gl272,GIS;LINE
永川区10kV①线,gl273,GIS;LINE
北京海淀区6kVⅤ线,gl274,GIS;LINE
荣昌县6kVⅤ线,gl275,GIS;LINE
九龙坡区6kVⅢ线,gl276,GIS;LINE
荣昌县35kV①线,gl277,GIS;LINE
渝北区35kV②线,gl278,GIS;LINE
南川区綦江县10kVⅣ线,gl279,GIS;LINE
北京平谷区35kVⅤ线,gl280,GIS;LINE
北京密云县6kV①线,gl281,GIS;LINE
渝北区6kVⅤ线,gl282,GIS;LINE
阳土家族苗族自治县10kVⅤ线,gl283,GIS;LINE
北京大兴区10kV②线,gl284,GIS;LINE
阳土家族苗族自治县6kVⅠ线,gl285,GIS;LINE
北京西城区6kVⅡ线,gl286,GIS;LINE
北京顺义区35kVⅢ线,gl287,GIS;LINE
武隆县10kVⅢ线,gl288,GIS;LINE
永川区6kVⅣ线,gl289,GIS;LINE
万盛区6kVⅡ线,gl290,GIS;LINE
北京门头沟区10kVⅣ线,gl291,GIS;LINE
山土家族苗族自治县6kV①线,gl292,GIS;LINE
城口县35kV③线,gl293,GIS;LINE
九龙坡区35kVⅤ线,gl294,GIS;LINE
丰都县10kVⅤ线,gl295,GIS;LINE
北京丰台区10kVⅢ线,gl296,GIS;LINE
北京通州区10kVⅠ线,gl297,GIS;LINE
彭水苗族土家族自治县10kVⅠ线,gl298,GIS;LINE
北京通州区10kVⅢ线,gl299,GIS;LINE
山土家族苗族自治县10kVⅠ线,gl300,GIS;LINE
北京海淀区35kVⅠ线,gl301,GIS;LINE
巫山县10kVⅣ线,gl302,GIS;LINE
北京密云县6kV③线,gl303,GIS;LINE
北京崇文区6kVⅤ线,gl304,GIS;LINE
铜梁县10kV②线,gl305,GIS;LINE
铜梁县10kVⅢ线,gl306,GIS;LINE
万州区6kVⅤ线,gl307,GIS;LINE
北京西城区10kVⅠ线,gl308,GIS;LINE
北碚区35kVⅡ线,gl309,GIS;LINE
山土家族苗族自治县10kVⅠ线,gl310,GIS;LINE
北京宣武区6kVⅤ线,gl311,GIS;LINE
北京昌平区35kV②线,gl312,GIS;LINE
渝中区6kVⅠ线,gl313,GIS;LINE
北京朝阳区10kV③线,gl314,GIS;LINE
忠县35kVⅡ线,gl315,GIS;LINE
荣昌县6kV①线,gl316,GIS;LINE
北京大兴区10kVⅢ线,gl317,GIS;LINE
长寿区10kVⅡ线,gl318,GIS;LINE
北京怀柔区35kVⅠ线,gl319,GIS;LINE
北京朝阳区6kVⅡ线,gl320,GIS;LINE
北京门头沟区35kV③线,gl321,GIS;LINE
黔江区35kV③线,gl322,GIS;LINE
永川区10kVⅡ线,gl323,GIS;LINE
北碚区10kV①线,gl324,GIS;LINE
南岸区10kVⅡ线,gl325,GIS;LINE
北京顺义区35kV①线,gl326,GIS;LINE
北京门头沟区35kVⅣ线,gl327,GIS;LINE
北京延庆县10kVⅠ线,gl328,GIS;LINE
北碚区10kVⅡ线,gl329,GIS;LINE
忠县10kVⅢ线,gl330,GIS;LINE
永川区6kVⅠ线,gl331,GIS;LINE
武隆县6kVⅢ线,gl332,GIS;LINE
北京密云县10kVⅢ线,gl333,GIS;LINE
北京门头沟区6kVⅤ线,gl334,GIS;LINE
山土家族苗族自治县10kV①线,gl335,GIS;LINE
丰都县35kVⅤ线,gl336,GIS;LINE
柱土家族自治县10kV①线,gl337,GIS;LINE
北京平谷区10kVⅡ线,gl338,GIS;LINE
双桥区35kV①线,gl339,GIS;LINE
九龙坡区6kVⅡ线,gl340,GIS;LINE
北京西城区35kV③线,gl341,GIS;LINE
垫江县35kVⅣ线,gl342,GIS;LINE
垫江县10kV①线,gl343,GIS;LINE
丰都县35kV②线,gl344,GIS;LINE
潼南县6kV②线,gl345,GIS;LINE
北京东城区10kVⅡ线,gl346,GIS;LINE
北京大兴区6kVⅣ线,gl347,GIS;LINE
巴南区35kV①线,gl348,GIS;LINE
九龙坡区35kVⅡ线,gl349,GIS;LINE
南川区綦江县6kV①线,gl350,GIS;LINE
永川区6kVⅤ线,gl351,GIS;LINE
双桥区10kV②线,gl352,GIS;LINE
北京丰台区35kV③线,gl353,GIS;LINE
南岸区10kVⅡ线,gl354,GIS;LINE
丰都县35kV②线,gl355,GIS;LINE
北京海淀区35kVⅠ线,gl356,GIS;LINE
北碚区10kV③线,gl357,GIS;LINE
北京延庆县10kVⅠ线,gl358,GIS;LINE
北京怀柔区10kVⅤ线,gl359,GIS;LINE
北京西城区6kVⅢ线,gl360,GIS;LINE
北京朝阳区6kVⅤ线,gl361,GIS;LINE
南川区綦江县10kVⅢ线,gl362,GIS;LINE
北京宣武区35kVⅣ线,gl363,GIS;LINE
黔江区35kV②线,gl364,GIS;LINE
九龙坡区10kV③线,gl365,GIS;LINE
巫山县10kVⅣ线,gl366,GIS;LINE
北京宣武区6kVⅡ线,gl367,GIS;LINE
潼南县10kV①线,gl368,GIS;LINE
山土家族苗族自治县6kVⅡ线,gl369,GIS;LINE
巫山县10kVⅠ线,gl370,GIS;LINE
双桥区6kVⅢ线,gl371,GIS;LINE
柱土家族自治县35kVⅢ线,gl372,GIS;LINE
黔江区35kVⅡ线,gl373,GIS;LINE
长寿区6kV①线,gl374,GIS;LINE
北京密云县10kVⅡ线,gl375,GIS;LINE
沙坪坝区6kVⅣ线,gl376,GIS;LINE
江北区35kVⅡ线,gl377,GIS;LINE
巴南区6kVⅡ线,gl378,GIS;LINE
北京密云县10kVⅠ线,gl379,GIS;LINE
忠县35kVⅡ线,gl380,GIS;LINE
北京平谷区6kV①线,gl381,GIS;LINE
巴南区35kVⅢ线,gl382,GIS;LINE
梁平县35kVⅠ线,gl383,GIS;LINE
大足县10kV②线,gl384,GIS;LINE
北京石景山区10kV②线,gl385,GIS;LINE
山土家族苗族自治县35kV③线,gl386,GIS;LINE
彭水苗族土家族自治县6kV③线,gl387,GIS;LINE
北京房山区6kVⅤ线,gl388,GIS;LINE
彭水苗族土家族自治县35kV②线,gl389,GIS;LINE
江北区10kVⅤ线,gl390,GIS;LINE
北京朝阳区6kV③线,gl391,GIS;LINE
九龙坡区10kVⅣ线,gl392,GIS;LINE
江津区35kVⅢ线,gl393,GIS;LINE
万州区6kV③线,gl394,GIS;LINE
彭水苗族土家族自治县10kVⅣ线,gl395,GIS;LINE
江津区6kVⅠ线,gl396,GIS;LINE
柱土家族自治县10kV②线,gl397,GIS;LINE
渝北区6kVⅡ线,gl398,GIS;LINE
沙坪坝区6kVⅣ线,gl399,GIS;LINE
北京崇文区10kV②线,gl400,GIS;LINE
北京崇文区35kVⅢ线,gl401,GIS;LINE
北京密云县10kVⅠ线,gl402,GIS;LINE
北京通州区35kVⅡ线,gl403,GIS;LINE
奉节县6kVⅡ线,gl404,GIS;LINE
北京朝阳区35kVⅡ线,gl405,GIS;LINE
北京丰台区6kVⅠ线,gl406,GIS;LINE
万州区10kVⅣ线,gl407,GIS;LINE
合川区35kVⅠ线,gl408,GIS;LINE
万州区6kVⅠ线,gl409,GIS;LINE
九龙坡区10kVⅢ线,gl410,GIS;LINE
南岸区10kVⅢ线,gl411,GIS;LINE
江北区10kV②线,gl412,GIS;LINE
沙坪坝区35kV③线,gl413,GIS;LINE
北京怀柔区6kV③线,gl414,GIS;LINE
永川区6kV②线,gl415,GIS;LINE
奉节县10kV①线,gl416,GIS;LINE
彭水苗族土家族自治县35kVⅤ线,gl417,GIS;LINE
北京延庆县6kVⅢ线,gl418,GIS;LINE
北京朝阳区35kVⅣ线,gl419,GIS;LINE
北京平谷区35kVⅣ线,gl420,GIS;LINE
北京平谷区10kV②线,gl421,GIS;LINE
忠县10kVⅠ线,gl422,GIS;LINE
北京怀柔区35kV②线,gl423,GIS;LINE
北碚区6kV①线,gl424,GIS;LINE
万盛区10kV①线,gl425,GIS;LINE
北京崇文区10kV③线,gl426,GIS;LINE
彭水苗族土家族自治县6kV②线,gl427,GIS;LINE
奉节县6kVⅣ线,gl428,GIS;LINE
北京丰台区6kVⅣ线,gl429,GIS;LINE
北京丰台区10kVⅢ线,gl430,GIS;LINE
永川区10kVⅡ线,gl431,GIS;LINE
永川区6kVⅣ线,gl432,GIS;LINE
北京大兴区6kVⅡ线,gl433,GIS;LINE
黔江区6kVⅠ线,gl434,GIS;LINE
沙坪坝区10kVⅡ线,gl435,GIS;LINE
柱土家族自治县10kVⅠ线,gl436,GIS;LINE
渝北区10kVⅢ线,gl437,GIS;LINE
巫山县6kV②线,gl438,GIS;LINE
潼南县10kV①线,gl439,GIS;LINE
双桥区6kV①线,gl440,GIS;LINE
柱土家族自治县10kVⅠ线,gl441,GIS;LINE
江北区6kVⅤ线,gl442,GIS;LINE
北碚区10kV③线,gl443,GIS;LINE
北京房山区6kVⅣ线,gl444,GIS;LINE
阳土家族苗族自治县6kVⅡ线,gl445,GIS;LINE
万州区6kVⅤ线,gl446,GIS;LINE
垫江县35kV②线,gl447,GIS;LINE
忠县6kVⅣ线,gl448,GIS;LINE
江北区10kV③线,gl449,GIS;LINE
双桥区6kV②线,gl450,GIS;LINE
渝中区10kVⅠ线,gl451,GIS;LINE
江北区35kVⅢ线,gl452,GIS;LINE
大渡口区35kVⅡ线,gl453,GIS;LINE
奉节县6kVⅤ线,gl454,GIS;LINE
忠县10kVⅢ线,gl455,GIS;LINE
大足县10kV①线,gl456,GIS;LINE
铜梁县6kVⅢ线,gl457,GIS;LINE
北京宣武区10kV①线,gl458,GIS;LINE
丰都县10kV①线,gl459,GIS;LINE
江津区10kVⅣ线,gl460,GIS;LINE
北京平谷区35kVⅠ线,gl461,GIS;LINE
柱土家族自治县10kVⅣ线,gl462,GIS;LINE
渝北区10kVⅤ线,gl463,GIS;LINE
北京宣武区6kV③线,gl464,GIS;LINE
大足县10kV③线,gl465,GIS;LINE
永川区35kVⅠ线,gl466,GIS;LINE
南川区綦江县6kVⅠ线,gl467,GIS;LINE
大足县10kVⅢ线,gl468,GIS;LINE
垫江县10kV③线,gl469,GIS;LINE
万州区6kVⅣ线,gl470,GIS;LINE
九龙坡区10kVⅣ线,gl471,GIS;LINE
北京延庆县10kV②线,gl472,GIS;LINE
万州区10kV②线,gl473,GIS;LINE
北京顺义区35kV①线,gl474,GIS;LINE
渝中区6kV③线,gl475,GIS;LINE
北京延庆县6kVⅢ线,gl476,GIS;LINE
北京崇文区10kVⅠ线,gl477,GIS;LINE
北京宣武区10kV②线,gl478,GIS;LINE
北京海淀区6kVⅠ线,gl479,GIS;LINE
南川区綦江县6kVⅡ线,gl480,GIS;LINE
北京宣武区10kVⅠ线,gl481,GIS;LINE
双桥区35kVⅣ线,gl482,GIS;LINE
渝北区10kVⅣ线,gl483,GIS;LINE
北京平谷区10kVⅡ线,gl484,GIS;LINE
北京顺义区35kVⅢ线,gl485,GIS;LINE
北京通州区10kV①线,gl486,GIS;LINE
黔江区10kVⅡ线,gl487,GIS;LINE
江津区35kV③线,gl488,GIS;LINE
双桥区10kV①线,gl489,GIS;LINE
北京密云县10kVⅠ线,gl490,GIS;LINE
柱土家族自治县35kVⅡ线,gl491,GIS;LINE
垫江县10kVⅠ线,gl492,GIS;LINE
奉节县35kVⅢ线,gl493,GIS;LINE
北京朝阳区10kVⅣ线,gl494,GIS;LINE
城口县35kV①线,gl495,GIS;LINE
城口县6kVⅣ线,gl496,GIS;LINE
彭水苗族土家族自治县6kV③线,gl497,GIS;LINE
合川区10kVⅣ线,gl498,GIS;LINE
北京海淀区10kV②线,gl499,GIS;LINE
北京丰台区35kVⅤ线,gl500,GIS;LINE
黔江区35kVⅣ线,gl501,GIS;LINE
彭水苗族土家族自治县10kVⅡ线,gl502,GIS;LINE
北京东城区6kV③线,gl503,GIS;LINE
铜梁县35kVⅡ线,gl504,GIS;LINE
巴南区10kVⅢ线,gl505,GIS;LINE
江津区6kVⅢ线,gl506,GIS;LINE
大渡口区10kVⅤ线,gl507,GIS;LINE
北京石景山区10kVⅠ线,gl508,GIS;LINE
大渡口区6kVⅢ线,gl509,GIS;LINE
大渡口区6kVⅤ线,gl510,GIS;LINE
武隆县35kVⅢ线,gl511,GIS;LINE
北京延庆县35kVⅤ线,gl512,GIS;LINE
北碚区35kV①线,gl513,GIS;LINE
北京朝阳区35kVⅤ线,gl514,GIS;LINE
沙坪坝区6kVⅠ线,gl515,GIS;LINE
北京通州区6kVⅢ线,gl516,GIS;LINE
北京门头沟区10kV②线,gl517,GIS;LINE
涪陵区6kV②线,gl518,GIS;LINE
南岸区6kV②线,gl519,GIS;LINE
万州区10kVⅢ线,gl520,GIS;LINE
城口县35kVⅠ线,gl521,GIS;LINE
璧山县6kV①线,gl522,GIS;LINE
山土家族苗族自治县6kVⅤ线,gl523,GIS;LINE
垫江县35kVⅢ线,gl524,GIS;LINE
丰都县35kVⅢ线,gl525,GIS;LINE
北京延庆县35kVⅠ线,gl526,GIS;LINE
北京通州区35kV③线,gl527,GIS;LINE
北京门头沟区10kVⅣ线,gl528,GIS;LINE
山土家族苗族自治县35kV①线,gl529,GIS;LINE
北京西城区10kV③线,gl530,GIS;LINE
奉节县10kVⅠ线,gl531,GIS;LINE
南岸区6kV②线,gl532,GIS;LINE
阳土家族苗族自治县10kVⅣ线,gl533,GIS;LINE
黔江区35kVⅤ线,gl534,GIS;LINE
北京石景山区35kV②线,gl535,GIS;LINE
荣昌县35kVⅡ线,gl536,GIS;LINE
垫江县35kVⅢ线,gl537,GIS;LINE
双桥区6kVⅣ线,gl538,GIS;LINE
北京通州区6kV①线,gl539,GIS;LINE
长寿区6kVⅡ线,gl540,GIS;LINE
长寿区10kV②线,gl541,GIS;LINE
万州区10kVⅢ线,gl542,GIS;LINE
北京昌平区10kVⅢ线,gl543,GIS;LINE
黔江区10kVⅣ线,gl544,GIS;LINE
柱土家族自治县10kVⅣ线,gl545,GIS;LINE
巴南区10kVⅡ线,gl546,GIS;LINE
大渡口区10kVⅡ线,gl547,GIS;LINE
合川区6kVⅤ线,gl548,GIS;LINE
北京密云县6kV③线,gl549,GIS;LINE
北京丰台区35kVⅤ线,gl550,GIS;LINE
潼南县35kVⅡ线,gl551,GIS;LINE
北京丰台区35kVⅡ线,gl552,GIS;LINE
北京丰台区6kV③线,gl553,GIS;LINE
北京朝阳区6kVⅢ线,gl554,GIS;LINE
大足县35kVⅠ线,gl555,GIS;LINE
北京怀柔区10kVⅣ线,gl556,GIS;LINE
万州区35kV①线,gl557,GIS;LINE
合川区35kVⅣ线,gl558,GIS;LINE
垫江县10kVⅤ线,gl559,GIS;LINE
山土家族苗族自治县35kV②线,gl560,GIS;LINE
万州区6kV③线,gl561,GIS;LINE
奉节县35kV②线,gl562,GIS;LINE
沙坪坝区10kV①线,gl563,GIS;LINE
北京顺义区10kVⅢ线,gl564,GIS;LINE
北京东城区35kVⅠ线,gl565,GIS;LINE
北京通州区6kV②线,gl566,GIS;LINE
双桥区10kVⅣ线,gl567,GIS;LINE
涪陵区6kVⅤ线,gl568,GIS;LINE
北京宣武区6kVⅣ线,gl569,GIS;LINE
柱土家族自治县6kVⅤ线,gl570,GIS;LINE
渝中区10kVⅣ线,gl571,GIS;LINE
彭水苗族土家族自治县35kV①线,gl572,GIS;LINE
合川区35kVⅤ线,gl573,GIS;LINE
北京房山区6kVⅣ线,gl574,GIS;LINE
城口县6kVⅤ线,gl575,GIS;LINE
丰都县6kVⅠ线,gl576,GIS;LINE
山土家族苗族自治县6kVⅡ线,gl577,GIS;LINE
北京通州区6kVⅤ线,gl578,GIS;LINE
双桥区35kVⅡ线,gl579,GIS;LINE
黔江区35kVⅡ线,gl580,GIS;LINE
涪陵区6kV②线,gl581,GIS;LINE
大足县35kV②线,gl582,GIS;LINE
北京丰台区10kV②线,gl583,GIS;LINE
合川区35kVⅡ线,gl584,GIS;LINE
北京顺义区6kV②线,gl585,GIS;LINE
丰都县6kVⅣ线,gl586,GIS;LINE
巫溪县35kVⅠ线,gl587,GIS;LINE
北京丰台区35kVⅠ线,gl588,GIS;LINE
北碚区35kVⅡ线,gl589,GIS;LINE
北碚区35kV②线,gl590,GIS;LINE
大足县35kVⅡ线,gl591,GIS;LINE
铜梁县10kVⅡ线,gl592,GIS;LINE
北京昌平区6kV①线,gl593,GIS;LINE
柱土家族自治县10kV②线,gl594,GIS;LINE
南岸区6kVⅣ线,gl595,GIS;LINE
北京通州区35kVⅠ线,gl596,GIS;LINE
沙坪坝区10kV①线,gl597,GIS;LINE
北京门头沟区35kV②线,gl598,GIS;LINE
江津区6kVⅣ线,gl599,GIS;LINE
合川区6kV②线,gl600,GIS;LINE
双桥区10kV②线,gl601,GIS;LINE
巴南区6kV②线,gl602,GIS;LINE
北京昌平区35kVⅤ线,gl603,GIS;LINE
巫山县6kVⅣ线,gl604,GIS;LINE
合川区6kVⅣ线,gl605,GIS;LINE
北京密云县35kV③线,gl606,GIS;LINE
大足县10kVⅡ线,gl607,GIS;LINE
涪陵区35kVⅤ线,gl608,GIS;LINE
北京宣武区35kV①线,gl609,GIS;LINE
渝北区10kV③线,gl610,GIS;LINE
巫山县35kV②线,gl611,GIS;LINE
长寿区10kVⅤ线,gl612,GIS;LINE
忠县35kVⅣ线,gl613,GIS;LINE
大渡口区6kV②线,gl614,GIS;LINE
奉节县35kV①线,gl615,GIS;LINE
北京西城区35kVⅢ线,gl616,GIS;LINE
北碚区10kVⅢ线,gl617,GIS;LINE
丰都县6kV②线,gl618,GIS;LINE
北京通州区10kVⅡ线,gl619,GIS;LINE
铜梁县35kVⅤ线,gl620,GIS;LINE
巴南区35kVⅡ线,gl621,GIS;LINE
铜梁县35kV③线,gl622,GIS;LINE
北京通州区35kV③线,gl623,GIS;LINE
北京海淀区35kV②线,gl624,GIS;LINE
巫山县10kVⅣ线,gl625,GIS;LINE
铜梁县6kV②线,gl626,GIS;LINE
巴南区10kV③线,gl627,GIS;LINE
北京大兴区10kVⅤ线,gl628,GIS;LINE
沙坪坝区6kVⅠ线,gl629,GIS;LINE
巫山县6kVⅡ线,gl630,GIS;LINE
合川区10kVⅢ线,gl631,GIS;LINE
南岸区35kVⅤ线,gl632,GIS;LINE
武隆县6kVⅣ线,gl633,GIS;LINE
江津区10kVⅠ线,gl634,GIS;LINE
巴南区6kV①线,gl635,GIS;LINE
北京丰台区35kV①线,gl636,GIS;LINE
大渡口区35kV②线,gl637,GIS;LINE
柱土家族自治县10kVⅣ线,gl638,GIS;LINE
武隆县35kV①线,gl639,GIS;LINE
北京海淀区10kV②线,gl640,GIS;LINE
北京西城区6kV①线,gl641,GIS;LINE
武隆县35kVⅣ线,gl642,GIS;LINE
北京海淀区10kVⅢ线,gl643,GIS;LINE
璧山县6kV②线,gl644,GIS;LINE
双桥区10kVⅤ线,gl645,GIS;LINE
北京海淀区35kVⅡ线,gl646,GIS;LINE
北京宣武区6kVⅠ线,gl647,GIS;LINE
巫溪县6kVⅤ线,gl648,GIS;LINE
彭水苗族土家族自治县6kVⅠ线,gl649,GIS;LINE
渝中区10kVⅤ线,gl650,GIS;LINE
巫溪县6kV②线,gl651,GIS;LINE
万盛区35kVⅠ线,gl652,GIS;LINE
渝中区10kV①线,gl653,GIS;LINE
北京东城区6kVⅤ线,gl654,GIS;LINE
北碚区35kVⅢ线,gl655,GIS;LINE
北京宣武区6kV①线,gl656,GIS;LINE
黔江区35kV①线,gl657,GIS;LINE
彭水苗族土家族自治县6kV③线,gl658,GIS;LINE
璧山县10kV②线,gl659,GIS;LINE
万州区10kV①线,gl660,GIS;LINE
彭水苗族土家族自治县35kV③线,gl661,GIS;LINE
武隆县35kV②线,gl662,GIS;LINE
北京宣武区6kV③线,gl663,GIS;LINE
巫溪县35kV③线,gl664,GIS;LINE
北京大兴区35kVⅤ线,gl665,GIS;LINE
荣昌县35kV③线,gl666,GIS;LINE
北京东城区35kV③线,gl667,GIS;LINE
北京房山区10kVⅠ线,gl668,GIS;LINE
梁平县35kVⅣ线,gl669,GIS;LINE
北京石景山区10kVⅢ线,gl670,GIS;LINE
北京房山区35kVⅡ线,gl671,GIS;LINE
梁平县35kV②线,gl672,GIS;LINE
九龙坡区10kV③线,gl673,GIS;LINE
北京密云县6kVⅢ线,gl674,GIS;LINE
北京通州区6kVⅡ线,gl675,GIS;LINE
北京崇文区35kVⅡ线,gl676,GIS;LINE
北京昌平区35kV②线,gl677,GIS;LINE
北京大兴区10kV②线,gl678,GIS;LINE
城口县35kVⅣ线,gl679,GIS;LINE
北碚区35kVⅢ线,gl680,GIS;LINE
大足县35kVⅣ线,gl681,GIS;LINE
长寿区10kVⅡ线,gl682,GIS;LINE
山土家族苗族自治县6kV②线,gl683,GIS;LINE
北京崇文区6kV①线,gl684,GIS;LINE
北京门头沟区10kVⅣ线,gl685,GIS;LINE
柱土家族自治县35kV②线,gl686,GIS;LINE
北京门头沟区10kVⅡ线,gl687,GIS;LINE
北京宣武区10kV③线,gl688,GIS;LINE
大足县35kV①线,gl689,GIS;LINE
渝北区35kV①线,gl690,GIS;LINE
北京房山区6kV③线,gl691,GIS;LINE
彭水苗族土家族自治县35kV①线,gl692,GIS;LINE
万盛区35kV①线,gl693,GIS;LINE
北京丰台区6kVⅤ线,gl694,GIS;LINE
长寿区35kV③线,gl695,GIS;LINE
南岸区10kVⅢ线,gl696,GIS;LINE
北京房山区6kVⅡ线,gl697,GIS;LINE
巴南区6kV②线,gl698,GIS;LINE
北京延庆县35kV②线,gl699,GIS;LINE
万州区10kVⅢ线,gl700,GIS;LINE
北碚区6kV③线,gl701,GIS;LINE
北京延庆县6kVⅣ线,gl702,GIS;LINE
南岸区35kVⅤ线,gl703,GIS;LINE
北京顺义区6kVⅠ线,gl704,GIS;LINE
铜梁县35kVⅠ线,gl705,GIS;LINE
北京宣武区35kVⅠ线,gl706,GIS;LINE
北京延庆县10kVⅣ线,gl707,GIS;LINE
江北区10kVⅡ线,gl708,GIS;LINE
梁平县35kVⅡ线,gl709,GIS;LINE
永川区6kVⅡ线,gl710,GIS;LINE
北京海淀区35kVⅡ线,gl711,GIS;LINE
长寿区35kVⅠ线,gl712,GIS;LINE
北京密云县6kV②线,gl713,GIS;LINE
北京丰台区10kVⅢ线,gl714,GIS;LINE
奉节县6kVⅠ线,gl715,GIS;LINE
丰都县6kVⅡ线,gl716,GIS;LINE
北京崇文区6kV①线,gl717,GIS;LINE
双桥区6kV③线,gl718,GIS;LINE
城口县10kV③线,gl719,GIS;LINE
梁平县10kVⅤ线,gl720,GIS;LINE
北京朝阳区35kVⅤ线,gl721,GIS;LINE
渝北区6kVⅤ线,gl722,GIS;LINE
合川区10kVⅡ线,gl723,GIS;LINE
渝北区10kV①线,gl724,GIS;LINE
万盛区35kVⅠ线,gl725,GIS;LINE
梁平县10kVⅤ线,gl726,GIS;LINE
大渡口区10kVⅤ线,gl727,GIS;LINE
山土家族苗族自治县10kV③线,gl728,GIS;LINE
黔江区6kV③线,gl729,GIS;LINE
涪陵区6kV②线,gl730,GIS;LINE
长寿区35kVⅡ线,gl731,GIS;LINE
北京丰台区6kV③线,gl732,GIS;LINE
北京房山区6kVⅡ线,gl733,GIS;LINE
武隆县10kVⅢ线,gl734,GIS;LINE
巫溪县6kV②线,gl735,GIS;LINE
铜梁县6kV②线,gl736,GIS;LINE
北京房山区6kV①线,gl737,GIS;LINE
北京通州区10kVⅡ线,gl738,GIS;LINE
武隆县6kVⅠ线,gl739,GIS;LINE
巴南区35kVⅡ线,gl740,GIS;LINE
北京海淀区10kVⅤ线,gl741,GIS;LINE
北京石景山区6kVⅢ线,gl742,GIS;LINE
城口县35kV③线,gl743,GIS;LINE
璧山县6kVⅢ线,gl744,GIS;LINE
柱土家族自治县35kVⅢ线,gl745,GIS;LINE
忠县10kVⅤ线,gl746,GIS;LINE
渝北区35kVⅤ线,gl747,GIS;LINE
北京西城区10kV①线,gl748,GIS;LINE
万盛区35kVⅢ线,gl749,GIS;LINE
铜梁县10kV②线,gl750,GIS;LINE
万盛区6kV③线,gl751,GIS;LINE
万州区6kVⅤ线,gl752,GIS;LINE
荣昌县35kVⅠ线,gl753,GIS;LINE
梁平县35kV①线,gl754,GIS;LINE
万州区35kVⅤ线,gl755,GIS;LINE
北京平谷区10kVⅢ线,gl756,GIS;LINE
巫溪县35kVⅡ线,gl757,GIS;LINE
北京通州区35kV③线,gl758,GIS;LINE
合川区10kV①线,gl759,GIS;LINE
合川区35kV②线,gl760,GIS;LINE
阳土家族苗族自治县35kVⅢ线,gl761,GIS;LINE
北京平谷区10kVⅡ线,gl762,GIS;LINE
巫溪县10kVⅡ线,gl763,GIS;LINE
北京丰台区10kV②线,gl764,GIS;LINE
柱土家族自治县10kVⅠ线,gl765,GIS;LINE
大渡口区35kV①线,gl766,GIS;LINE
璧山县6kVⅢ线,gl767,GIS;LINE
沙坪坝区35kV③线,gl768,GIS;LINE
万州区10kVⅤ线,gl769,GIS;LINE
涪陵区10kVⅠ线,gl770,GIS;LINE
北京崇文区10kV②线,gl771,GIS;LINE
北京西城区6kVⅤ线,gl772,GIS;LINE
双桥区10kVⅤ线,gl773,GIS;LINE
丰都县6kVⅤ线,gl774,GIS;LINE
垫江县6kV②线,gl775,GIS;LINE
北京宣武区6kVⅤ线,gl776,GIS;LINE
奉节县35kV③线,gl777,GIS;LINE
长寿区6kVⅣ线,gl778,GIS;LINE
万盛区10kVⅡ线,gl779,GIS;LINE
渝中区10kVⅤ线,gl780,GIS;LINE
沙坪坝区35kVⅤ线,gl781,GIS;LINE
北京密云县35kV②线,gl782,GIS;LINE
武隆县6kV③线,gl783,GIS;LINE
巫溪县6kVⅠ线,gl784,GIS;LINE
北京平谷区35kVⅢ线,gl785,GIS;LINE
北京崇文区6kVⅡ线,gl786,GIS;LINE
北京石景山区6kV①线,gl787,GIS;LINE
北碚区10kVⅣ线,gl788,GIS;LINE
北碚区10kV③线,gl789,GIS;LINE
柱土家族自治县35kVⅠ线,gl790,GIS;LINE
潼南县6kVⅠ线,gl791,GIS;LINE
巴南区6kV③线,gl792,GIS;LINE
渝北区10kVⅡ线,gl793,GIS;LINE
九龙坡区10kV③线,gl794,GIS;LINE
双桥区35kVⅡ线,gl795,GIS;LINE
荣昌县6kVⅤ线,gl796,GIS;LINE
江北区10kVⅣ线,gl797,GIS;LINE
北京西城区10kV③线,gl798,GIS;LINE
铜梁县10kVⅣ线,gl799,GIS;LINE
阳土家族苗族自治县35kVⅢ线,gl800,GIS;LINE
涪陵区6kVⅣ线,gl801,GIS;LINE
铜梁县10kVⅢ线,gl802,GIS;LINE
北京石景山区6kVⅤ线,gl803,GIS;LINE
潼南县6kVⅤ线,gl804,GIS;LINE
巫溪县6kV②线,gl805,GIS;LINE
北京东城区35kV③线,gl806,GIS;LINE
柱土家族自治县10kV②线,gl807,GIS;LINE
北京西城区35kVⅣ线,gl808,GIS;LINE
北京宣武区10kVⅠ线,gl809,GIS;LINE
丰都县35kV①线,gl810,GIS;LINE
南川区綦江县10kV②线,gl811,GIS;LINE
奉节县6kVⅢ线,gl812,GIS;LINE
垫江县6kV①线,gl813,GIS;LINE
北京昌平区35kV②线,gl814,GIS;LINE
北京海淀区6kVⅢ线,gl815,GIS;LINE
柱土家族自治县10kVⅢ线,gl816,GIS;LINE
北京通州区35kVⅢ线,gl817,GIS;LINE
涪陵区35kV①线,gl818,GIS;LINE
璧山县10kVⅢ线,gl819,GIS;LINE
北京通州区35kVⅣ线,gl820,GIS;LINE
巫山县6kV②线,gl821,GIS;LINE
丰都县10kV①线,gl822,GIS;LINE
彭水苗族土家族自治县35kV①线,gl823,GIS;LINE
北京平谷区6kVⅠ线,gl824,GIS;LINE
大足县6kV③线,gl825,GIS;LINE
铜梁县10kVⅤ线,gl826,GIS;LINE
大足县10kVⅤ线,gl827,GIS;LINE
北京朝阳区10kV②线,gl828,GIS;LINE
南川区綦江县6kV③线,gl829,GIS;LINE
北京门头沟区35kVⅠ线,gl830,GIS;LINE
北京丰台区35kVⅢ线,gl831,GIS;LINE
山土家族苗族自治县10kVⅣ线,gl832,GIS;LINE
渝北区10kVⅡ线,gl833,GIS;LINE
双桥区6kV③线,gl834,GIS;LINE
巴南区6kVⅡ线,gl835,GIS;LINE
垫江县10kVⅡ线,gl836,GIS;LINE
合川区6kV①线,gl837,GIS;LINE
北京崇文区6kV②线,gl838,GIS;LINE
大渡口区6kV③线,gl839,GIS;LINE
北京东城区10kV②线,gl840,GIS;LINE
北京朝阳区6kV②线,gl841,GIS;LINE
沙坪坝区10kV①线,gl842,GIS;LINE
北京西城区35kV①线,gl843,GIS;LINE
潼南县6kVⅠ线,gl844,GIS;LINE
北京昌平区10kV①线,gl845,GIS;LINE
北京昌平区35kVⅠ线,gl846,GIS;LINE
北京延庆县35kV②线,gl847,GIS;LINE
荣昌县10kVⅠ线,gl848,GIS;LINE
大渡口区35kVⅠ线,gl849,GIS;LINE
南川区綦江县35kV①线,gl850,GIS;LINE
荣昌县6kV②线,gl851,GIS;LINE
北京平谷区6kV③线,gl852,GIS;LINE
彭水苗族土家族自治县10kVⅠ线,gl853,GIS;LINE
铜梁县6kVⅠ线,gl854,GIS;LINE
巫山县10kVⅠ线,gl855,GIS;LINE
北京房山区10kV③线,gl856,GIS;LINE
北京怀柔区35kVⅤ线,gl857,GIS;LINE
江北区10kV③线,gl858,GIS;LINE
北京平谷区35kVⅤ线,gl859,GIS;LINE
大足县35kVⅠ线,gl860,GIS;LINE
北京平谷区6kV②线,gl861,GIS;LINE
北京通州区6kV①线,gl862,GIS;LINE
南岸区35kVⅠ线,gl863,GIS;LINE
大渡口区10kVⅢ线,gl864,GIS;LINE
北京怀柔区6kVⅡ线,gl865,GIS;LINE
北京大兴区10kVⅢ线,gl866,GIS;LINE
涪陵区10kVⅤ线,gl867,GIS;LINE
北京顺义区35kV①线,gl868,GIS;LINE
北京石景山区6kVⅤ线,gl869,GIS;LINE
江津区6kV②线,gl870,GIS;LINE
北京大兴区6kVⅢ线,gl871,GIS;LINE
北京延庆县10kV③线,gl872,GIS;LINE
山土家族苗族自治县6kVⅢ线,gl873,GIS;LINE
忠县10kVⅠ线,gl874,GIS;LINE
永川区10kVⅢ线,gl875,GIS;LINE
南川区綦江县35kV②线,gl876,GIS;LINE
阳土家族苗族自治县35kVⅡ线,gl877,GIS;LINE
北京怀柔区10kV③线,gl878,GIS;LINE
北京西城区10kVⅠ线,gl879,GIS;LINE
渝北区6kVⅤ线,gl880,GIS;LINE
南岸区6kV②线,gl881,GIS;LINE
黔江区6kV①线,gl882,GIS;LINE
北京宣武区35kV③线,gl883,GIS;LINE
梁平县35kVⅣ线,gl884,GIS;LINE
北京海淀区6kV②线,gl885,GIS;LINE
城口县10kVⅢ线,gl886,GIS;LINE
丰都县10kV②线,gl887,GIS;LINE
南川区綦江县6kV②线,gl888,GIS;LINE
丰都县10kVⅣ线,gl889,GIS;LINE
沙坪坝区10kVⅤ线,gl890,GIS;LINE
梁平县35kV①线,gl891,GIS;LINE
北京西城区10kVⅣ线,gl892,GIS;LINE
巴南区6kVⅠ线,gl893,GIS;LINE
北京崇文区6kVⅡ线,gl894,GIS;LINE
梁平县6kVⅢ线,gl895,GIS;LINE
北京门头沟区10kVⅣ线,gl896,GIS;LINE
璧山县6kVⅢ线,gl897,GIS;LINE
永川区6kVⅠ线,gl898,GIS;LINE
长寿区35kV①线,gl899,GIS;LINE
北京顺义区10kVⅤ线,gl900,GIS;LINE
忠县35kVⅢ线,gl901,GIS;LINE
南岸区35kVⅠ线,gl902,GIS;LINE
忠县6kVⅣ线,gl903,GIS;LINE
江北区35kVⅣ线,gl904,GIS;LINE
奉节县35kV③线,gl905,GIS;LINE
忠县35kVⅡ线,gl906,GIS;LINE
巴南区35kV②线,gl907,GIS;LINE
北京平谷区10kVⅤ线,gl908,GIS;LINE
忠县10kVⅠ线,gl909,GIS;LINE
柱土家族自治县6kV①线,gl910,GIS;LINE
大渡口区10kVⅠ线,gl911,GIS;LINE
北京海淀区35kV①线,gl912,GIS;LINE
北京大兴区10kVⅣ线,gl913,GIS;LINE
北京平谷区10kVⅠ线,gl914,GIS;LINE
铜梁县6kV②线,gl915,GIS;LINE
北京朝阳区35kV②线,gl916,GIS;LINE
北京崇文区10kVⅤ线,gl917,GIS;LINE
长寿区10kV①线,gl918,GIS;LINE
璧山县35kVⅡ线,gl919,GIS;LINE
渝北区35kVⅤ线,gl920,GIS;LINE
北京崇文区35kV①线,gl921,GIS;LINE
沙坪坝区35kVⅠ线,gl922,GIS;LINE
北京大兴区35kV①线,gl923,GIS;LINE
北京密云县10kV①线,gl924,GIS;LINE
北京平谷区10kVⅣ线,gl925,GIS;LINE
双桥区35kVⅤ线,gl926,GIS;LINE
北京石景山区6kVⅡ线,gl927,GIS;LINE
城口县35kVⅠ线,gl928,GIS;LINE
长寿区10kV①线,gl929,GIS;LINE
合川区6kVⅠ线,gl930,GIS;LINE
合川区6kV①线,gl931,GIS;LINE
武隆县10kV①线,gl932,GIS;LINE
潼南县10kVⅣ线,gl933,GIS;LINE
巴南区6kVⅢ线,gl934,GIS;LINE
奉节县6kVⅡ线,gl935,GIS;LINE
黔江区35kVⅡ线,gl936,GIS;LINE
南岸区35kVⅡ线,gl937,GIS;LINE
北京延庆县35kVⅡ线,gl938,GIS;LINE
渝北区10kV①线,gl939,GIS;LINE
北京怀柔区10kV①线,gl940,GIS;LINE
梁平县10kVⅢ线,gl941,GIS;LINE
丰都县35kV③线,gl942,GIS;LINE
江津区6kVⅣ线,gl943,GIS;LINE
北京昌平区10kVⅤ线,gl944,GIS;LINE
荣昌县10kVⅣ线,gl945,GIS;LINE
万州区6kVⅢ线,gl946,GIS;LINE
阳土家族苗族自治县6kV②线,gl947,GIS;LINE
渝北区6kV③线,gl948,GIS;LINE
北京延庆县35kVⅤ线,gl949,GIS;LINE
涪陵区10kV①线,gl950,GIS;LINE
铜梁县10kVⅤ线,gl951,GIS;LINE
江津区10kV③线,gl952,GIS;LINE
北京房山区6kVⅣ线,gl953,GIS;LINE
北京顺义区10kVⅡ线,gl954,GIS;LINE
巫山县6kV①线,gl955,GIS;LINE
双桥区6kV③线,gl956,GIS;LINE
北京海淀区10kV③线,gl957,GIS;LINE
北京通州区6kVⅠ线,gl958,GIS;LINE
璧山县10kVⅠ线,gl959,GIS;LINE
沙坪坝区35kV①线,gl960,GIS;LINE
渝北区6kV③线,gl961,GIS;LINE
彭水苗族土家族自治县6kVⅤ线,gl962,GIS;LINE
北京崇文区10kVⅠ线,gl963,GIS;LINE
北京丰台区10kVⅡ线,gl964,GIS;LINE
合川区35kVⅤ线,gl965,GIS;LINE
北京怀柔区10kV①线,gl966,GIS;LINE
铜梁县6kV③线,gl967,GIS;LINE
巫溪县6kVⅤ线,gl968,GIS;LINE
北京石景山区10kV①线,gl969,GIS;LINE
北京通州区35kVⅢ线,gl970,GIS;LINE
双桥区6kVⅣ线,gl971,GIS;LINE
渝中区35kVⅢ线,gl972,GIS;LINE
江北区35kVⅣ线,gl973,GIS;LINE
巴南区35kV③线,gl974,GIS;LINE
北京门头沟区10kVⅢ线,gl975,GIS;LINE
铜梁县10kV①线,gl976,GIS;LINE
南川区綦江县10kVⅣ线,gl977,GIS;LINE
北京房山区10kVⅤ线,gl978,GIS;LINE
北京东城区6kVⅡ线,gl979,GIS;LINE
巫山县6kV①线,gl980,GIS;LINE
北京延庆县10kVⅣ线,gl981,GIS;LINE
江北区10kVⅣ线,gl982,GIS;LINE
北京平谷区6kVⅤ线,gl983,GIS;LINE
双桥区10kV③线,gl984,GIS;LINE
忠县6kV③线,gl985,GIS;LINE
南岸区35kVⅡ线,gl986,GIS;LINE
南岸区6kVⅤ线,gl987,GIS;LINE
梁平县6kV②线,gl988,GIS;LINE
合川区6kV②线,gl989,GIS;LINE
合川区10kVⅤ线,gl990,GIS;LINE
万盛区6kVⅣ线,gl991,GIS;LINE
南川区綦江县6kVⅣ线,gl992,GIS;LINE
北京东城区6kV②线,gl993,GIS;LINE
丰都县6kVⅣ线,gl994,GIS;LINE
大足县10kV②线,gl995,GIS;LINE
北京海淀区10kVⅠ线,gl996,GIS;LINE
忠县6kV③线,gl997,GIS;LINE
城口县35kV③线,gl998,GIS;LINE
璧山县35kV③线,gl999,GIS;LINE
江津区35kVⅣ线,gl1000,GIS;LINE
北京石景山区35kVⅠ线,gl1001,GIS;LINE
北京通州区6kVⅠ线,gl1002,GIS;LINE
潼南县35kVⅠ线,gl1003,GIS;LINE
北京大兴区35kVⅣ线,gl1004,GIS;LINE
北京昌平区35kV②线,gl1005,GIS;LINE
北京海淀区10kV①线,gl1006,GIS;LINE
忠县35kV②线,gl1007,GIS;LINE
大足县10kVⅠ线,gl1008,GIS;LINE
黔江区6kV③线,gl1009,GIS;LINE
北京房山区35kV②线,gl1010,GIS;LINE
大足县10kV③线,gl1011,GIS;LINE
北京顺义区35kV①线,gl1012,GIS;LINE
北京崇文区35kVⅡ线,gl1013,GIS;LINE
九龙坡区10kVⅤ线,gl1014,GIS;LINE
北京密云县10kV③线,gl1015,GIS;LINE
南川区綦江县10kVⅤ线,gl1016,GIS;LINE
北京东城区6kVⅣ线,gl1017,GIS;LINE
荣昌县6kV②线,gl1018,GIS;LINE
北京海淀区6kV②线,gl1019,GIS;LINE
垫江县35kVⅤ线,gl1020,GIS;LINE
南岸区6kVⅤ线,gl1021,GIS;LINE
北京通州区35kVⅣ线,gl1022,GIS;LINE
北京宣武区35kV②线,gl1023,GIS;LINE
北京平谷区6kVⅡ线,gl1024,GIS;LINE
黔江区6kV②线,gl1025,GIS;LINE
北京平谷区10kVⅡ线,gl1026,GIS;LINE
万盛区6kVⅠ线,gl1027,GIS;LINE
合川区35kV①线,gl1028,GIS;LINE
丰都县10kV②线,gl1029,GIS;LINE
武隆县35kVⅠ线,gl1030,GIS;LINE
渝北区10kV②线,gl1031,GIS;LINE
北京怀柔区6kV③线,gl1032,GIS;LINE
柱土家族自治县6kVⅣ线,gl1033,GIS;LINE
巴南区10kV②线,gl1034,GIS;LINE
北京昌平区6kV③线,gl1035,GIS;LINE
渝北区10kV③线,gl1036,GIS;LINE
武隆县35kV①线,gl1037,GIS;LINE
北京朝阳区35kV②线,gl1038,GIS;LINE
荣昌县6kVⅢ线,gl1039,GIS;LINE
巫溪县10kV①线,gl1040,GIS;LINE
璧山县35kV①线,gl1041,GIS;LINE
南岸区6kV②线,gl1042,GIS;LINE
北京宣武区35kVⅡ线,gl1043,GIS;LINE
北京密云县6kVⅣ线,gl1044,GIS;LINE
北碚区35kV②线,gl1045,GIS;LINE
北京门头沟区6kVⅤ线,gl1046,GIS;LINE
阳土家族苗族自治县6kVⅢ线,gl1047,GIS;LINE
北京门头沟区6kV③线,gl1048,GIS;LINE
北京宣武区35kVⅠ线,gl1049,GIS;LINE
渝中区10kVⅡ线,gl1050,GIS;LINE
北京宣武区10kV③线,gl1051,GIS;LINE
北京通州区6kV②线,gl1052,GIS;LINE
阳土家族苗族自治县35kV①线,gl1053,GIS;LINE
铜梁县35kV③线,gl1054,GIS;LINE
北京西城区35kV②线,gl1055,GIS;LINE
北京顺义区6kV③线,gl1056,GIS;LINE
北京朝阳区35kV②线,gl1057,GIS;LINE
北京密云县35kVⅣ线,gl1058,GIS;LINE
潼南县6kV③线,gl1059,GIS;LINE
九龙坡区35kVⅠ线,gl1060,GIS;LINE
山土家族苗族自治县35kVⅣ线,gl1061,GIS;LINE
北京昌平区6kVⅠ线,gl1062,GIS;LINE
沙坪坝区6kVⅣ线,gl1063,GIS;LINE
潼南县10kV③线,gl1064,GIS;LINE
九龙坡区6kV③线,gl1065,GIS;LINE
梁平县10kV①线,gl1066,GIS;LINE
北京密云县10kVⅢ线,gl1067,GIS;LINE
巫溪县10kV②线,gl1068,GIS;LINE
大渡口区6kVⅡ线,gl1069,GIS;LINE
合川区6kVⅣ线,gl1070,GIS;LINE
奉节县35kV③线,gl1071,GIS;LINE
阳土家族苗族自治县6kVⅠ线,gl1072,GIS;LINE
北京通州区10kV②线,gl1073,GIS;LINE
江津区6kVⅠ线,gl1074,GIS;LINE
大渡口区6kV①线,gl1075,GIS;LINE
江津区6kV③线,gl1076,GIS;LINE
山土家族苗族自治县35kV①线,gl1077,GIS;LINE
北京怀柔区6kVⅣ线,gl1078,GIS;LINE
北京门头沟区6kVⅠ线,gl1079,GIS;LINE
万盛区35kVⅤ线,gl1080,GIS;LINE
彭水苗族土家族自治县10kVⅠ线,gl1081,GIS;LINE
九龙坡区35kV①线,gl1082,GIS;LINE
合川区35kVⅠ线,gl1083,GIS;LINE
北京平谷区6kV①线,gl1084,GIS;LINE
万盛区10kVⅡ线,gl1085,GIS;LINE
北京顺义区10kVⅤ线,gl1086,GIS;LINE
北京昌平区35kVⅠ线,gl1087,GIS;LINE
万盛区10kVⅢ线,gl1088,GIS;LINE
九龙坡区6kVⅡ线,gl1089,GIS;LINE
垫江县10kVⅡ线,gl1090,GIS;LINE
彭水苗族土家族自治县10kVⅡ线,gl1091,GIS;LINE
大渡口区10kVⅢ线,gl1092,GIS;LINE
丰都县10kVⅢ线,gl1093,GIS;LINE
渝中区6kV③线,gl1094,GIS;LINE
涪陵区35kV①线,gl1095,GIS;LINE
北京房山区35kVⅣ线,gl1096,GIS;LINE
北京房山区6kVⅡ线,gl1097,GIS;LINE
彭水苗族土家族自治县6kVⅢ线,gl1098,GIS;LINE
柱土家族自治县10kVⅡ线,gl1099,GIS;LINE
北京通州区35kVⅤ线,gl1100,GIS;LINE
大足县6kVⅤ线,gl1101,GIS;LINE
北京宣武区35kVⅤ线,gl1102,GIS;LINE
双桥区35kVⅣ线,gl1103,GIS;LINE
九龙坡区35kVⅤ线,gl1104,GIS;LINE
南岸区6kVⅡ线,gl1105,GIS;LINE
山土家族苗族自治县35kV①线,gl1106,GIS;LINE
北京延庆县6kVⅠ线,gl1107,GIS;LINE
北京怀柔区35kV②线,gl1108,GIS;LINE
巫山县10kVⅢ线,gl1109,GIS;LINE
巫山县10kVⅤ线,gl1110,GIS;LINE
北京平谷区10kVⅠ线,gl1111,GIS;LINE
渝中区6kVⅡ线,gl1112,GIS;LINE
阳土家族苗族自治县6kVⅣ线,gl1113,GIS;LINE
双桥区35kVⅠ线,gl1114,GIS;LINE
忠县10kVⅠ线,gl1115,GIS;LINE
大渡口区10kVⅤ线,gl1116,GIS;LINE
双桥区35kVⅣ线,gl1117,GIS;LINE
北京海淀区10kV①线,gl1118,GIS;LINE
北京通州区6kVⅤ线,gl1119,GIS;LINE
璧山县6kV①线,gl1120,GIS;LINE
北京通州区6kV①线,gl1121,GIS;LINE
北京顺义区6kV①线,gl1122,GIS;LINE
北京丰台区35kV③线,gl1123,GIS;LINE
铜梁县10kVⅣ线,gl1124,GIS;LINE
巫溪县10kV②线,gl1125,GIS;LINE
北京昌平区10kV③线,gl1126,GIS;LINE
垫江县35kV③线,gl1127,GIS;LINE
北京大兴区35kVⅤ线,gl1128,GIS;LINE
巫溪县35kVⅣ线,gl1129,GIS;LINE
南岸区35kVⅠ线,gl1130,GIS;LINE
黔江区10kV②线,gl1131,GIS;LINE
铜梁县10kV①线,gl1132,GIS;LINE
渝北区6kVⅠ线,gl1133,GIS;LINE
北京房山区6kV①线,gl1134,GIS;LINE
丰都县10kVⅢ线,gl1135,GIS;LINE
北京宣武区10kVⅣ线,gl1136,GIS;LINE
北碚区10kVⅡ线,gl1137,GIS;LINE
巫溪县6kVⅣ线,gl1138,GIS;LINE
北京石景山区35kVⅡ线,gl1139,GIS;LINE
沙坪坝区6kVⅡ线,gl1140,GIS;LINE
北京通州区6kV②线,gl1141,GIS;LINE
九龙坡区6kV②线,gl1142,GIS;LINE
大渡口区35kVⅡ线,gl1143,GIS;LINE
柱土家族自治县10kVⅤ线,gl1144,GIS;LINE
北碚区10kVⅢ线,gl1145,GIS;LINE
彭水苗族土家族自治县6kV③线,gl1146,GIS;LINE
北京房山区6kV②线,gl1147,GIS;LINE
巫溪县35kVⅤ线,gl1148,GIS;LINE
巫山县6kV③线,gl1149,GIS;LINE
万州区35kVⅠ线,gl1150,GIS;LINE
忠县35kVⅡ线,gl1151,GIS;LINE
铜梁县10kVⅤ线,gl1152,GIS;LINE
江津区35kVⅠ线,gl1153,GIS;LINE
巴南区35kV①线,gl1154,GIS;LINE
大渡口区10kVⅢ线,gl1155,GIS;LINE
南川区綦江县6kVⅠ线,gl1156,GIS;LINE
北京昌平区6kV②线,gl1157,GIS;LINE
梁平县6kVⅡ线,gl1158,GIS;LINE
垫江县35kV②线,gl1159,GIS;LINE
大渡口区6kVⅢ线,gl1160,GIS;LINE
山土家族苗族自治县10kVⅡ线,gl1161,GIS;LINE
柱土家族自治县35kV③线,gl1162,GIS;LINE
铜梁县35kVⅡ线,gl1163,GIS;LINE
黔江区35kVⅡ线,gl1164,GIS;LINE
黔江区35kV②线,gl1165,GIS;LINE
北京密云县6kV③线,gl1166,GIS;LINE
涪陵区35kV②线,gl1167,GIS;LINE
梁平县10kVⅣ线,gl1168,GIS;LINE
北京石景山区6kVⅤ线,gl1169,GIS;LINE
柱土家族自治县6kV①线,gl1170,GIS;LINE
北京西城区6kVⅤ线,gl1171,GIS;LINE
南川区綦江县6kVⅢ线,gl1172,GIS;LINE
巫山县10kVⅣ线,gl1173,GIS;LINE
巫溪县35kV②线,gl1174,GIS;LINE
涪陵区10kVⅢ线,gl1175,GIS;LINE
九龙坡区10kVⅣ线,gl1176,GIS;LINE
大足县6kV③线,gl1177,GIS;LINE
北京房山区6kVⅠ线,gl1178,GIS;LINE
北碚区6kV②线,gl1179,GIS;LINE
北京西城区6kVⅤ线,gl1180,GIS;LINE
万盛区35kVⅤ线,gl1181,GIS;LINE
万州区35kVⅡ线,gl1182,GIS;LINE
永川区35kV②线,gl1183,GIS;LINE
北京石景山区6kV①线,gl1184,GIS;LINE
忠县10kVⅡ线,gl1185,GIS;LINE
北京大兴区10kVⅠ线,gl1186,GIS;LINE
双桥区35kVⅢ线,gl1187,GIS;LINE
万盛区35kV②线,gl1188,GIS;LINE
奉节县35kV①线,gl1189,GIS;LINE
垫江县35kV③线,gl1190,GIS;LINE
北京顺义区35kVⅠ线,gl1191,GIS;LINE
奉节县6kVⅣ线,gl1192,GIS;LINE
南岸区35kV③线,gl1193,GIS;LINE
万盛区35kVⅤ线,gl1194,GIS;LINE
北京崇文区6kVⅣ线,gl1195,GIS;LINE
北京通州区10kV①线,gl1196,GIS;LINE
彭水苗族土家族自治县6kVⅣ线,gl1197,GIS;LINE
大足县10kV①线,gl1198,GIS;LINE
大渡口区6kV②线,gl1199,GIS;LINE
忠县10kVⅢ线,gl1200,GIS;LINE
北京怀柔区6kVⅠ线,gl1201,GIS;LINE
武隆县10kVⅠ线,gl1202,GIS;LINE
北京昌平区35kVⅡ线,gl1203,GIS;LINE
南川区綦江县35kVⅠ线,gl1204,GIS;LINE
万州区35kVⅢ线,gl1205,GIS;LINE
奉节县10kVⅢ线,gl1206,GIS;LINE
永川区10kV③线,gl1207,GIS;LINE
北京东城区6kVⅠ线,gl1208,GIS;LINE
巫溪县35kVⅡ线,gl1209,GIS;LINE
北京顺义区6kV①线,gl1210,GIS;LINE
北京宣武区35kV③线,gl1211,GIS;LINE
北京石景山区6kV③线,gl1212,GIS;LINE
山土家族苗族自治县10kVⅣ线,gl1213,GIS;LINE
渝中区6kVⅠ线,gl1214,GIS;LINE
北京石景山区6kV②线,gl1215,GIS;LINE
忠县35kV③线,gl1216,GIS;LINE
南川区綦江县35kVⅢ线,gl1217,GIS;LINE
北碚区10kVⅢ线,gl1218,GIS;LINE
巫溪县6kVⅣ线,gl1219,GIS;LINE
潼南县10kVⅢ线,gl1220,GIS;LINE
北京大兴区35kVⅠ线,gl1221,GIS;LINE
北京昌平区10kV①线,gl1222,GIS;LINE
柱土家族自治县35kVⅡ线,gl1223,GIS;LINE
垫江县10kV①线,gl1224,GIS;LINE
北京大兴区35kV③线,gl1225,GIS;LINE
巴南区6kVⅢ线,gl1226,GIS;LINE
大渡口区35kV②线,gl1227,GIS;LINE
涪陵区10kVⅠ线,gl1228,GIS;LINE
武隆县35kV①线,gl1229,GIS;LINE
北京房山区10kV①线,gl1230,GIS;LINE
北京延庆县35kV②线,gl1231,GIS;LINE
北京西城区35kV②线,gl1232,GIS;LINE
大渡口区35kVⅠ线,gl1233,GIS;LINE
北京朝阳区6kVⅡ线,gl1234,GIS;LINE
彭水苗族土家族自治县6kVⅡ线,gl1235,GIS;LINE
丰都县35kV③线,gl1236,GIS;LINE
北京通州区6kV③线,gl1237,GIS;LINE
丰都县35kV③线,gl1238,GIS;LINE
渝北区35kVⅤ线,gl1239,GIS;LINE
北京门头沟区6kVⅢ线,gl1240,GIS;LINE
北京平谷区6kVⅡ线,gl1241,GIS;LINE
北京东城区6kVⅤ线,gl1242,GIS;LINE
渝北区6kV③线,gl1243,GIS;LINE
南岸区35kVⅠ线,gl1244,GIS;LINE
合川区10kVⅣ线,gl1245,GIS;LINE
北京宣武区10kV①线,gl1246,GIS;LINE
北京延庆县35kVⅠ线,gl1247,GIS;LINE
柱土家族自治县10kV①线,gl1248,GIS;LINE
北京朝阳区35kV②线,gl1249,GIS;LINE
北京顺义区6kV①线,gl1250,GIS;LINE
江北区35kVⅤ线,gl1251,GIS;LINE
北京丰台区6kVⅤ线,gl1252,GIS;LINE
北京西城区6kVⅣ线,gl1253,GIS;LINE
北京门头沟区35kVⅢ线,gl1254,GIS;LINE
江北区35kVⅡ线,gl1255,GIS;LINE
北京崇文区10kVⅡ线,gl1256,GIS;LINE
北京崇文区10kVⅤ线,gl1257,GIS;LINE
北京顺义区35kV①线,gl1258,GIS;LINE
渝中区10kVⅢ线,gl1259,GIS;LINE
北京平谷区10kV③线,gl1260,GIS;LINE
潼南县6kV②线,gl1261,GIS;LINE
北京大兴区35kV①线,gl1262,GIS;LINE
渝中区10kV③线,gl1263,GIS;LINE
奉节县6kVⅢ线,gl1264,GIS;LINE
双桥区10kVⅤ线,gl1265,GIS;LINE
北京昌平区6kV③线,gl1266,GIS;LINE
万盛区10kVⅣ线,gl1267,GIS;LINE
奉节县6kVⅢ线,gl1268,GIS;LINE
渝北区10kV②线,gl1269,GIS;LINE
南岸区6kVⅢ线,gl1270,GIS;LINE
北京朝阳区10kV③线,gl1271,GIS;LINE
万盛区6kVⅠ线,gl1272,GIS;LINE
长寿区6kV②线,gl1273,GIS;LINE
忠县35kVⅤ线,gl1274,GIS;LINE
忠县6kVⅡ线,gl1275,GIS;LINE
北碚区10kV③线,gl1276,GIS;LINE
梁平县6kVⅡ线,gl1277,GIS;LINE
巫溪县6kV③线,gl1278,GIS;LINE
涪陵区6kVⅢ线,gl1279,GIS;LINE
江北区6kVⅢ线,gl1280,GIS;LINE
北京顺义区10kVⅠ线,gl1281,GIS;LINE
铜梁县6kV①线,gl1282,GIS;LINE
梁平县35kVⅢ线,gl1283,GIS;LINE
双桥区10kVⅤ线,gl1284,GIS;LINE
北京西城区10kV②线,gl1285,GIS;LINE
璧山县35kVⅣ线,gl1286,GIS;LINE
江北区35kVⅣ线,gl1287,GIS;LINE
万盛区10kVⅣ线,gl1288,GIS;LINE
北京房山区10kVⅣ线,gl1289,GIS;LINE
北京密云县35kVⅤ线,gl1290,GIS;LINE
北京房山区6kV①线,gl1291,GIS;LINE
巴南区35kVⅠ线,gl1292,GIS;LINE
柱土家族自治县10kV③线,gl1293,GIS;LINE
北京海淀区6kV③线,gl1294,GIS;LINE
渝中区6kVⅣ线,gl1295,GIS;LINE
城口县10kVⅣ线,gl1296,GIS;LINE
北京东城区35kVⅢ线,gl1297,GIS;LINE
阳土家族苗族自治县6kVⅡ线,gl1298,GIS;LINE
双桥区6kVⅤ线,gl1299,GIS;LINE
大渡口区6kVⅣ线,gl1300,GIS;LINE
武隆县6kVⅡ线,gl1301,GIS;LINE
阳土家族苗族自治县10kVⅠ线,gl1302,GIS;LINE
北京海淀区35kV③线,gl1303,GIS;LINE
北京崇文区10kV②线,gl1304,GIS;LINE
璧山县10kVⅢ线,gl1305,GIS;LINE
潼南县10kVⅢ线,gl1306,GIS;LINE
南川区綦江县35kVⅢ线,gl1307,GIS;LINE
江北区10kV①线,gl1308,GIS;LINE
城口县35kVⅢ线,gl1309,GIS;LINE
武隆县35kV②线,gl1310,GIS;LINE
武隆县10kVⅠ线,gl1311,GIS;LINE
北京大兴区35kV③线,gl1312,GIS;LINE
北京崇文区35kV①线,gl1313,GIS;LINE
江津区10kVⅡ线,gl1314,GIS;LINE
北京海淀区6kV①线,gl1315,GIS;LINE
山土家族苗族自治县10kVⅡ线,gl1316,GIS;LINE
北京门头沟区10kVⅢ线,gl1317,GIS;LINE
合川区10kV①线,gl1318,GIS;LINE
北京密云县10kVⅠ线,gl1319,GIS;LINE
涪陵区10kV②线,gl1320,GIS;LINE
南川区綦江县10kVⅢ线,gl1321,GIS;LINE
武隆县10kVⅢ线,gl1322,GIS;LINE
北京大兴区6kVⅣ线,gl1323,GIS;LINE
北京平谷区35kV③线,gl1324,GIS;LINE
彭水苗族土家族自治县10kVⅤ线,gl1325,GIS;LINE
涪陵区10kVⅠ线,gl1326,GIS;LINE
北京顺义区6kVⅠ线,gl1327,GIS;LINE
涪陵区6kV①线,gl1328,GIS;LINE
北京延庆县35kVⅠ线,gl1329,GIS;LINE
北京西城区10kV③线,gl1330,GIS;LINE
万州区10kV①线,gl1331,GIS;LINE
北京密云县6kVⅢ线,gl1332,GIS;LINE
大渡口区35kVⅡ线,gl1333,GIS;LINE
北京门头沟区6kVⅢ线,gl1334,GIS;LINE
双桥区10kVⅢ线,gl1335,GIS;LINE
北京西城区35kV③线,gl1336,GIS;LINE
北京石景山区10kVⅢ线,gl1337,GIS;LINE
江北区35kVⅤ线,gl1338,GIS;LINE
北京丰台区6kVⅠ线,gl1339,GIS;LINE
巴南区35kV②线,gl1340,GIS;LINE
城口县35kVⅤ线,gl1341,GIS;LINE
北京丰台区10kVⅣ线,gl1342,GIS;LINE
渝北区35kVⅡ线,gl1343,GIS;LINE
潼南县35kVⅤ线,gl1344,GIS;LINE
城口县10kVⅤ线,gl1345,GIS;LINE
巴南区6kVⅡ线,gl1346,GIS;LINE
彭水苗族土家族自治县6kVⅡ线,gl1347,GIS;LINE
双桥区10kVⅣ线,gl1348,GIS;LINE
北京丰台区35kVⅢ线,gl1349,GIS;LINE
彭水苗族土家族自治县10kVⅢ线,gl1350,GIS;LINE
北京宣武区35kVⅣ线,gl1351,GIS;LINE
北京密云县10kVⅢ线,gl1352,GIS;LINE
南川区綦江县10kV②线,gl1353,GIS;LINE
南川区綦江县6kVⅠ线,gl1354,GIS;LINE
大渡口区6kVⅡ线,gl1355,GIS;LINE
北京大兴区35kVⅢ线,gl1356,GIS;LINE
双桥区10kV①线,gl1357,GIS;LINE
双桥区35kVⅣ线,gl1358,GIS;LINE
北碚区6kVⅤ线,gl1359,GIS;LINE
北京石景山区35kVⅣ线,gl1360,GIS;LINE
北京顺义区35kVⅡ线,gl1361,GIS;LINE
江津区6kVⅢ线,gl1362,GIS;LINE
北京大兴区6kVⅡ线,gl1363,GIS;LINE
永川区6kVⅡ线,gl1364,GIS;LINE
山土家族苗族自治县10kVⅠ线,gl1365,GIS;LINE
永川区6kVⅠ线,gl1366,GIS;LINE
北京怀柔区10kVⅣ线,gl1367,GIS;LINE
南岸区10kVⅢ线,gl1368,GIS;LINE
璧山县10kVⅣ线,gl1369,GIS;LINE
柱土家族自治县6kVⅡ线,gl1370,GIS;LINE
武隆县6kVⅠ线,gl1371,GIS;LINE
渝中区35kVⅢ线,gl1372,GIS;LINE
巴南区35kVⅣ线,gl1373,GIS;LINE
万盛区35kVⅡ线,gl1374,GIS;LINE
巴南区6kV③线,gl1375,GIS;LINE
黔江区6kVⅢ线,gl1376,GIS;LINE
北京崇文区35kVⅣ线,gl1377,GIS;LINE
万州区35kVⅡ线,gl1378,GIS;LINE
长寿区35kVⅣ线,gl1379,GIS;LINE
万州区10kV①线,gl1380,GIS;LINE
梁平县10kV②线,gl1381,GIS;LINE
铜梁县35kV③线,gl1382,GIS;LINE
万州区10kV③线,gl1383,GIS;LINE
北京石景山区35kV③线,gl1384,GIS;LINE
万州区10kV③线,gl1385,GIS;LINE
垫江县35kVⅠ线,gl1386,GIS;LINE
铜梁县6kVⅡ线,gl1387,GIS;LINE
合川区10kVⅣ线,gl1388,GIS;LINE
涪陵区6kVⅡ线,gl1389,GIS;LINE
北京宣武区35kVⅤ线,gl1390,GIS;LINE
阳土家族苗族自治县10kVⅣ线,gl1391,GIS;LINE
合川区35kV③线,gl1392,GIS;LINE
北京密云县35kVⅤ线,gl1393,GIS;LINE
柱土家族自治县35kVⅢ线,gl1394,GIS;LINE
垫江县10kV②线,gl1395,GIS;LINE
北碚区6kV③线,gl1396,GIS;LINE
巫山县6kV②线,gl1397,GIS;LINE
黔江区6kV③线,gl1398,GIS;LINE
北京房山区35kVⅡ线,gl1399,GIS;LINE
北京通州区35kV②线,gl1400,GIS;LINE
忠县6kVⅡ线,gl1401,GIS;LINE
江北区10kV③线,gl1402,GIS;LINE
黔江区6kVⅣ线,gl1403,GIS;LINE
铜梁县10kV①线,gl1404,GIS;LINE
涪陵区6kVⅣ线,gl1405,GIS;LINE
北京平谷区35kVⅡ线,gl1406,GIS;LINE
北京大兴区10kVⅢ线,gl1407,GIS;LINE
忠县35kVⅢ线,gl1408,GIS;LINE
忠县35kV①线,gl1409,GIS;LINE
彭水苗族土家族自治县10kVⅡ线,gl1410,GIS;LINE
涪陵区6kV②线,gl1411,GIS;LINE
武隆县6kVⅠ线,gl1412,GIS;LINE
北京平谷区35kVⅣ线,gl1413,GIS;LINE
沙坪坝区35kV②线,gl1414,GIS;LINE
万盛区6kV②线,gl1415,GIS;LINE
北京宣武区35kV③线,gl1416,GIS;LINE
南岸区6kVⅡ线,gl1417,GIS;LINE
北京门头沟区35kVⅣ线,gl1418,GIS;LINE
忠县35kVⅣ线,gl1419,GIS;LINE
阳土家族苗族自治县10kVⅣ线,gl1420,GIS;LINE
城口县35kV①线,gl1421,GIS;LINE
柱土家族自治县35kVⅤ线,gl1422,GIS;LINE
北京朝阳区35kVⅣ线,gl1423,GIS;LINE
南川区綦江县10kV②线,gl1424,GIS;LINE
丰都县10kVⅣ线,gl1425,GIS;LINE
武隆县6kVⅢ线,gl1426,GIS;LINE
丰都县35kV①线,gl1427,GIS;LINE
柱土家族自治县35kVⅤ线,gl1428,GIS;LINE
山土家族苗族自治县35kVⅠ线,gl1429,GIS;LINE
山土家族苗族自治县10kVⅡ线,gl1430,GIS;LINE
北京崇文区10kV②线,gl1431,GIS;LINE
渝中区6kVⅠ线,gl1432,GIS;LINE
北京怀柔区10kVⅡ线,gl1433,GIS;LINE
沙坪坝区6kVⅣ线,gl1434,GIS;LINE
北京门头沟区10kVⅣ线,gl1435,GIS;LINE
北京密云县35kV③线,gl1436,GIS;LINE
万州区6kVⅣ线,gl1437,GIS;LINE
巫溪县10kVⅡ线,gl1438,GIS;LINE
北京东城区35kVⅢ线,gl1439,GIS;LINE
北京怀柔区6kVⅣ线,gl1440,GIS;LINE
万盛区6kV②线,gl1441,GIS;LINE
北京朝阳区6kV①线,gl1442,GIS;LINE
璧山县35kVⅠ线,gl1443,GIS;LINE
黔江区35kV③线,gl1444,GIS;LINE
巫溪县10kVⅡ线,gl1445,GIS;LINE
大足县10kV③线,gl1446,GIS;LINE
武隆县6kVⅢ线,gl1447,GIS;LINE
山土家族苗族自治县6kVⅣ线,gl1448,GIS;LINE
武隆县6kVⅠ线,gl1449,GIS;LINE
北京房山区6kVⅤ线,gl1450,GIS;LINE
北京顺义区6kV①线,gl1451,GIS;LINE
北京西城区35kVⅠ线,gl1452,GIS;LINE
北京宣武区35kV③线,gl1453,GIS;LINE
北碚区35kVⅠ线,gl1454,GIS;LINE
北京宣武区6kV②线,gl1455,GIS;LINE
铜梁县10kVⅠ线,gl1456,GIS;LINE
北京房山区10kV②线,gl1457,GIS;LINE
北京房山区10kVⅡ线,gl1458,GIS;LINE
北京通州区6kV①线,gl1459,GIS;LINE
北京延庆县35kVⅠ线,gl1460,GIS;LINE
长寿区35kVⅡ线,gl1461,GIS;LINE
北京海淀区6kVⅢ线,gl1462,GIS;LINE
北京平谷区10kV③线,gl1463,GIS;LINE
北京怀柔区35kVⅢ线,gl1464,GIS;LINE
北京房山区6kVⅢ线,gl1465,GIS;LINE
北京密云县35kV②线,gl1466,GIS;LINE
丰都县35kVⅤ线,gl1467,GIS;LINE
北京崇文区6kVⅤ线,gl1468,GIS;LINE
北京房山区6kVⅡ线,gl1469,GIS;LINE
合川区6kVⅡ线,gl1470,GIS;LINE
南岸区35kVⅣ线,gl1471,GIS;LINE
北京海淀区6kVⅤ线,gl1472,GIS;LINE
梁平县10kVⅣ线,gl1473,GIS;LINE
北京西城区6kVⅢ线,gl1474,GIS;LINE
梁平县6kV①线,gl1475,GIS;LINE
沙坪坝区35kV②线,gl1476,GIS;LINE
北京顺义区6kVⅤ线,gl1477,GIS;LINE
万盛区35kVⅠ线,gl1478,GIS;LINE
万盛区10kV③线,gl1479,GIS;LINE
北京顺义区35kVⅢ线,gl1480,GIS;LINE
万盛区35kVⅤ线,gl1481,GIS;LINE
北京怀柔区6kVⅠ线,gl1482,GIS;LINE
江津区10kVⅣ线,gl1483,GIS;LINE
北京西城区35kVⅡ线,gl1484,GIS;LINE
涪陵区35kVⅡ线,gl1485,GIS;LINE
江津区35kV①线,gl1486,GIS;LINE
北京通州区35kV②线,gl1487,GIS;LINE
南川区綦江县10kV②线,gl1488,GIS;LINE
北京东城区10kV③线,gl1489,GIS;LINE
大足县10kV③线,gl1490,GIS;LINE
北京平谷区6kVⅢ线,gl1491,GIS;LINE
潼南县10kVⅣ线,gl1492,GIS;LINE
北京平谷区35kVⅤ线,gl1493,GIS;LINE
合川区10kVⅠ线,gl1494,GIS;LINE
丰都县10kVⅢ线,gl1495,GIS;LINE
巴南区6kVⅠ线,gl1496,GIS;LINE
北京朝阳区10kV②线,gl1497,GIS;LINE
北京东城区10kVⅣ线,gl1498,GIS;LINE
九龙坡区6kVⅤ线,gl1499,GIS;LINE
