:START_ID,:END_ID,:TYPE
gs32,gl0,connect
gs157,gl1,connect
gs160,gl2,connect
gs98,gl3,connect
gs177,gl4,connect
gs179,gl5,connect
gs214,gl6,connect
gs65,gl7,connect
gs6,gl8,connect
gs21,gl9,connect
gs158,gl10,connect
gs216,gl11,connect
gs216,gl12,connect
gs160,gl13,connect
gs110,gl14,connect
gs55,gl15,connect
gs149,gl16,connect
gs61,gl17,connect
gs31,gl18,connect
gs124,gl19,connect
gs234,gl20,connect
gs220,gl21,connect
gs170,gl22,connect
gs110,gl23,connect
gs187,gl24,connect
gs147,gl25,connect
gs55,gl26,connect
gs83,gl27,connect
gs140,gl28,connect
gs226,gl29,connect
gs74,gl30,connect
gs2,gl31,connect
gs65,gl32,connect
gs8,gl33,connect
gs201,gl34,connect
gs5,gl35,connect
gs189,gl36,connect
gs37,gl37,connect
gs204,gl38,connect
gs208,gl39,connect
gs235,gl40,connect
gs231,gl41,connect
gs236,gl42,connect
gs209,gl43,connect
gs42,gl44,connect
gs67,gl45,connect
gs134,gl46,connect
gs174,gl47,connect
gs173,gl48,connect
gs131,gl49,connect
gs140,gl50,connect
gs231,gl51,connect
gs178,gl52,connect
gs88,gl53,connect
gs116,gl54,connect
gs76,gl55,connect
gs42,gl56,connect
gs95,gl57,connect
gs59,gl58,connect
gs33,gl59,connect
gs204,gl60,connect
gs156,gl61,connect
gs80,gl62,connect
gs71,gl63,connect
gs177,gl64,connect
gs230,gl65,connect
gs82,gl66,connect
gs60,gl67,connect
gs101,gl68,connect
gs104,gl69,connect
gs94,gl70,connect
gs5,gl71,connect
gs122,gl72,connect
gs218,gl73,connect
gs75,gl74,connect
gs44,gl75,connect
gs170,gl76,connect
gs154,gl77,connect
gs215,gl78,connect
gs72,gl79,connect
gs90,gl80,connect
gs166,gl81,connect
gs57,gl82,connect
gs210,gl83,connect
gs24,gl84,connect
gs16,gl85,connect
gs19,gl86,connect
gs177,gl87,connect
gs187,gl88,connect
gs207,gl89,connect
gs210,gl90,connect
gs58,gl91,connect
gs8,gl92,connect
gs3,gl93,connect
gs107,gl94,connect
gs66,gl95,connect
gs33,gl96,connect
gs54,gl97,connect
gs152,gl98,connect
gs78,gl99,connect
gs116,gl100,connect
gs65,gl101,connect
gs108,gl102,connect
gs80,gl103,connect
gs151,gl104,connect
gs223,gl105,connect
gs200,gl106,connect
gs125,gl107,connect
gs163,gl108,connect
gs225,gl109,connect
gs100,gl110,connect
gs1,gl111,connect
gs101,gl112,connect
gs36,gl113,connect
gs198,gl114,connect
gs40,gl115,connect
gs132,gl116,connect
gs33,gl117,connect
gs51,gl118,connect
gs29,gl119,connect
gs138,gl120,connect
gs72,gl121,connect
gs42,gl122,connect
gs167,gl123,connect
gs80,gl124,connect
gs48,gl125,connect
gs135,gl126,connect
gs226,gl127,connect
gs63,gl128,connect
gs47,gl129,connect
gs193,gl130,connect
gs120,gl131,connect
gs193,gl132,connect
gs205,gl133,connect
gs171,gl134,connect
gs157,gl135,connect
gs78,gl136,connect
gs240,gl137,connect
gs181,gl138,connect
gs227,gl139,connect
gs208,gl140,connect
gs238,gl141,connect
gs35,gl142,connect
gs131,gl143,connect
gs107,gl144,connect
gs112,gl145,connect
gs31,gl146,connect
gs77,gl147,connect
gs134,gl148,connect
gs238,gl149,connect
gs146,gl150,connect
gs148,gl151,connect
gs221,gl152,connect
gs74,gl153,connect
gs42,gl154,connect
gs133,gl155,connect
gs72,gl156,connect
gs218,gl157,connect
gs179,gl158,connect
gs63,gl159,connect
gs53,gl160,connect
gs117,gl161,connect
gs136,gl162,connect
gs131,gl163,connect
gs97,gl164,connect
gs135,gl165,connect
gs29,gl166,connect
gs133,gl167,connect
gs138,gl168,connect
gs232,gl169,connect
gs99,gl170,connect
gs130,gl171,connect
gs235,gl172,connect
gs136,gl173,connect
gs3,gl174,connect
gs169,gl175,connect
gs13,gl176,connect
gs48,gl177,connect
gs220,gl178,connect
gs210,gl179,connect
gs249,gl180,connect
gs204,gl181,connect
gs86,gl182,connect
gs235,gl183,connect
gs126,gl184,connect
gs240,gl185,connect
gs90,gl186,connect
gs179,gl187,connect
gs188,gl188,connect
gs166,gl189,connect
gs158,gl190,connect
gs191,gl191,connect
gs169,gl192,connect
gs106,gl193,connect
gs33,gl194,connect
gs144,gl195,connect
gs166,gl196,connect
gs133,gl197,connect
gs98,gl198,connect
gs122,gl199,connect
gs159,gl200,connect
gs191,gl201,connect
gs146,gl202,connect
gs35,gl203,connect
gs202,gl204,connect
gs63,gl205,connect
gs238,gl206,connect
gs243,gl207,connect
gs204,gl208,connect
gs99,gl209,connect
gs123,gl210,connect
gs166,gl211,connect
gs23,gl212,connect
gs187,gl213,connect
gs130,gl214,connect
gs93,gl215,connect
gs6,gl216,connect
gs27,gl217,connect
gs192,gl218,connect
gs226,gl219,connect
gs210,gl220,connect
gs70,gl221,connect
gs6,gl222,connect
gs140,gl223,connect
gs161,gl224,connect
gs5,gl225,connect
gs33,gl226,connect
gs74,gl227,connect
gs173,gl228,connect
gs115,gl229,connect
gs49,gl230,connect
gs67,gl231,connect
gs59,gl232,connect
gs79,gl233,connect
gs186,gl234,connect
gs146,gl235,connect
gs123,gl236,connect
gs179,gl237,connect
gs90,gl238,connect
gs183,gl239,connect
gs96,gl240,connect
gs245,gl241,connect
gs197,gl242,connect
gs104,gl243,connect
gs96,gl244,connect
gs16,gl245,connect
gs96,gl246,connect
gs39,gl247,connect
gs242,gl248,connect
gs81,gl249,connect
gs100,gl250,connect
gs163,gl251,connect
gs243,gl252,connect
gs51,gl253,connect
gs219,gl254,connect
gs111,gl255,connect
gs107,gl256,connect
gs224,gl257,connect
gs175,gl258,connect
gs149,gl259,connect
gs60,gl260,connect
gs212,gl261,connect
gs114,gl262,connect
gs167,gl263,connect
gs185,gl264,connect
gs43,gl265,connect
gs90,gl266,connect
gs229,gl267,connect
gs121,gl268,connect
gs107,gl269,connect
gs67,gl270,connect
gs58,gl271,connect
gs86,gl272,connect
gs32,gl273,connect
gs224,gl274,connect
gs202,gl275,connect
gs96,gl276,connect
gs64,gl277,connect
gs202,gl278,connect
gs237,gl279,connect
gs4,gl280,connect
gs237,gl281,connect
gs62,gl282,connect
gs188,gl283,connect
gs94,gl284,connect
gs171,gl285,connect
gs16,gl286,connect
gs143,gl287,connect
gs190,gl288,connect
gs45,gl289,connect
gs38,gl290,connect
gs58,gl291,connect
gs22,gl292,connect
gs7,gl293,connect
gs137,gl294,connect
gs225,gl295,connect
gs156,gl296,connect
gs115,gl297,connect
gs103,gl298,connect
gs54,gl299,connect
gs172,gl300,connect
gs112,gl301,connect
gs111,gl302,connect
gs96,gl303,connect
gs4,gl304,connect
gs140,gl305,connect
gs233,gl306,connect
gs193,gl307,connect
gs127,gl308,connect
gs204,gl309,connect
gs29,gl310,connect
gs61,gl311,connect
gs51,gl312,connect
gs220,gl313,connect
gs193,gl314,connect
gs193,gl315,connect
gs144,gl316,connect
gs222,gl317,connect
gs243,gl318,connect
gs107,gl319,connect
gs217,gl320,connect
gs187,gl321,connect
gs178,gl322,connect
gs160,gl323,connect
gs32,gl324,connect
gs32,gl325,connect
gs4,gl326,connect
gs238,gl327,connect
gs142,gl328,connect
gs174,gl329,connect
gs61,gl330,connect
gs161,gl331,connect
gs79,gl332,connect
gs73,gl333,connect
gs183,gl334,connect
gs220,gl335,connect
gs192,gl336,connect
gs131,gl337,connect
gs54,gl338,connect
gs9,gl339,connect
gs159,gl340,connect
gs120,gl341,connect
gs54,gl342,connect
gs72,gl343,connect
gs136,gl344,connect
gs86,gl345,connect
gs51,gl346,connect
gs214,gl347,connect
gs144,gl348,connect
gs30,gl349,connect
gs35,gl350,connect
gs227,gl351,connect
gs241,gl352,connect
gs200,gl353,connect
gs166,gl354,connect
gs104,gl355,connect
gs162,gl356,connect
gs164,gl357,connect
gs122,gl358,connect
gs123,gl359,connect
gs40,gl360,connect
gs22,gl361,connect
gs146,gl362,connect
gs134,gl363,connect
gs102,gl364,connect
gs222,gl365,connect
gs94,gl366,connect
gs147,gl367,connect
gs141,gl368,connect
gs196,gl369,connect
gs58,gl370,connect
gs130,gl371,connect
gs94,gl372,connect
gs50,gl373,connect
gs136,gl374,connect
gs58,gl375,connect
gs3,gl376,connect
gs118,gl377,connect
gs214,gl378,connect
gs55,gl379,connect
gs55,gl380,connect
gs88,gl381,connect
gs137,gl382,connect
gs131,gl383,connect
gs129,gl384,connect
gs186,gl385,connect
gs119,gl386,connect
gs123,gl387,connect
gs19,gl388,connect
gs28,gl389,connect
gs27,gl390,connect
gs156,gl391,connect
gs240,gl392,connect
gs59,gl393,connect
gs100,gl394,connect
gs93,gl395,connect
gs178,gl396,connect
gs183,gl397,connect
gs79,gl398,connect
gs209,gl399,connect
gs70,gl400,connect
gs29,gl401,connect
gs42,gl402,connect
gs242,gl403,connect
gs167,gl404,connect
gs84,gl405,connect
gs171,gl406,connect
gs87,gl407,connect
gs104,gl408,connect
gs231,gl409,connect
gs203,gl410,connect
gs48,gl411,connect
gs197,gl412,connect
gs96,gl413,connect
gs130,gl414,connect
gs33,gl415,connect
gs7,gl416,connect
gs52,gl417,connect
gs156,gl418,connect
gs233,gl419,connect
gs186,gl420,connect
gs2,gl421,connect
gs91,gl422,connect
gs230,gl423,connect
gs14,gl424,connect
gs97,gl425,connect
gs182,gl426,connect
gs65,gl427,connect
gs207,gl428,connect
gs139,gl429,connect
gs3,gl430,connect
gs176,gl431,connect
gs122,gl432,connect
gs137,gl433,connect
gs196,gl434,connect
gs140,gl435,connect
gs117,gl436,connect
gs79,gl437,connect
gs62,gl438,connect
gs90,gl439,connect
gs86,gl440,connect
gs190,gl441,connect
gs87,gl442,connect
gs161,gl443,connect
gs89,gl444,connect
gs164,gl445,connect
gs184,gl446,connect
gs98,gl447,connect
gs205,gl448,connect
gs87,gl449,connect
gs131,gl450,connect
gs152,gl451,connect
gs242,gl452,connect
gs150,gl453,connect
gs228,gl454,connect
gs174,gl455,connect
gs37,gl456,connect
gs141,gl457,connect
gs174,gl458,connect
gs78,gl459,connect
gs0,gl460,connect
gs48,gl461,connect
gs28,gl462,connect
gs173,gl463,connect
gs122,gl464,connect
gs159,gl465,connect
gs201,gl466,connect
gs91,gl467,connect
gs141,gl468,connect
gs187,gl469,connect
gs46,gl470,connect
gs127,gl471,connect
gs191,gl472,connect
gs241,gl473,connect
gs105,gl474,connect
gs218,gl475,connect
gs161,gl476,connect
gs106,gl477,connect
gs189,gl478,connect
gs223,gl479,connect
gs125,gl480,connect
gs136,gl481,connect
gs24,gl482,connect
gs71,gl483,connect
gs234,gl484,connect
gs21,gl485,connect
gs157,gl486,connect
gs191,gl487,connect
gs89,gl488,connect
gs151,gl489,connect
gs55,gl490,connect
gs95,gl491,connect
gs118,gl492,connect
gs22,gl493,connect
gs122,gl494,connect
gs231,gl495,connect
gs200,gl496,connect
gs165,gl497,connect
gs249,gl498,connect
gs249,gl499,connect
gs127,gl500,connect
gs229,gl501,connect
gs80,gl502,connect
gs108,gl503,connect
gs7,gl504,connect
gs27,gl505,connect
gs207,gl506,connect
gs5,gl507,connect
gs182,gl508,connect
gs139,gl509,connect
gs235,gl510,connect
gs195,gl511,connect
gs215,gl512,connect
gs64,gl513,connect
gs37,gl514,connect
gs90,gl515,connect
gs243,gl516,connect
gs249,gl517,connect
gs248,gl518,connect
gs35,gl519,connect
gs70,gl520,connect
gs164,gl521,connect
gs146,gl522,connect
gs14,gl523,connect
gs191,gl524,connect
gs138,gl525,connect
gs29,gl526,connect
gs168,gl527,connect
gs60,gl528,connect
gs244,gl529,connect
gs163,gl530,connect
gs174,gl531,connect
gs103,gl532,connect
gs102,gl533,connect
gs32,gl534,connect
gs16,gl535,connect
gs26,gl536,connect
gs221,gl537,connect
gs99,gl538,connect
gs162,gl539,connect
gs202,gl540,connect
gs72,gl541,connect
gs27,gl542,connect
gs185,gl543,connect
gs13,gl544,connect
gs212,gl545,connect
gs200,gl546,connect
gs178,gl547,connect
gs83,gl548,connect
gs82,gl549,connect
gs95,gl550,connect
gs62,gl551,connect
gs131,gl552,connect
gs17,gl553,connect
gs6,gl554,connect
gs64,gl555,connect
gs6,gl556,connect
gs205,gl557,connect
gs99,gl558,connect
gs213,gl559,connect
gs223,gl560,connect
gs162,gl561,connect
gs116,gl562,connect
gs155,gl563,connect
gs200,gl564,connect
gs70,gl565,connect
gs80,gl566,connect
gs137,gl567,connect
gs87,gl568,connect
gs177,gl569,connect
gs105,gl570,connect
gs152,gl571,connect
gs19,gl572,connect
gs110,gl573,connect
gs127,gl574,connect
gs162,gl575,connect
gs143,gl576,connect
gs22,gl577,connect
gs76,gl578,connect
gs51,gl579,connect
gs89,gl580,connect
gs190,gl581,connect
gs17,gl582,connect
gs5,gl583,connect
gs0,gl584,connect
gs65,gl585,connect
gs25,gl586,connect
gs153,gl587,connect
gs127,gl588,connect
gs64,gl589,connect
gs228,gl590,connect
gs174,gl591,connect
gs74,gl592,connect
gs48,gl593,connect
gs23,gl594,connect
gs241,gl595,connect
gs153,gl596,connect
gs232,gl597,connect
gs82,gl598,connect
gs212,gl599,connect
gs147,gl600,connect
gs96,gl601,connect
gs194,gl602,connect
gs101,gl603,connect
gs5,gl604,connect
gs98,gl605,connect
gs133,gl606,connect
gs215,gl607,connect
gs204,gl608,connect
gs138,gl609,connect
gs228,gl610,connect
gs110,gl611,connect
gs219,gl612,connect
gs99,gl613,connect
gs225,gl614,connect
gs241,gl615,connect
gs121,gl616,connect
gs2,gl617,connect
gs206,gl618,connect
gs4,gl619,connect
gs153,gl620,connect
gs139,gl621,connect
gs243,gl622,connect
gs61,gl623,connect
gs17,gl624,connect
gs161,gl625,connect
gs47,gl626,connect
gs229,gl627,connect
gs10,gl628,connect
gs180,gl629,connect
gs122,gl630,connect
gs206,gl631,connect
gs28,gl632,connect
gs228,gl633,connect
gs77,gl634,connect
gs249,gl635,connect
gs130,gl636,connect
gs159,gl637,connect
gs28,gl638,connect
gs193,gl639,connect
gs23,gl640,connect
gs8,gl641,connect
gs61,gl642,connect
gs13,gl643,connect
gs76,gl644,connect
gs232,gl645,connect
gs214,gl646,connect
gs209,gl647,connect
gs182,gl648,connect
gs97,gl649,connect
gs44,gl650,connect
gs12,gl651,connect
gs128,gl652,connect
gs87,gl653,connect
gs83,gl654,connect
gs118,gl655,connect
gs47,gl656,connect
gs174,gl657,connect
gs130,gl658,connect
gs50,gl659,connect
gs176,gl660,connect
gs76,gl661,connect
gs115,gl662,connect
gs39,gl663,connect
gs16,gl664,connect
gs224,gl665,connect
gs48,gl666,connect
gs19,gl667,connect
gs37,gl668,connect
gs103,gl669,connect
gs84,gl670,connect
gs129,gl671,connect
gs247,gl672,connect
gs111,gl673,connect
gs23,gl674,connect
gs193,gl675,connect
gs52,gl676,connect
gs235,gl677,connect
gs1,gl678,connect
gs225,gl679,connect
gs9,gl680,connect
gs66,gl681,connect
gs17,gl682,connect
gs135,gl683,connect
gs103,gl684,connect
gs119,gl685,connect
gs66,gl686,connect
gs170,gl687,connect
gs160,gl688,connect
gs163,gl689,connect
gs190,gl690,connect
gs95,gl691,connect
gs68,gl692,connect
gs240,gl693,connect
gs151,gl694,connect
gs110,gl695,connect
gs195,gl696,connect
gs50,gl697,connect
gs220,gl698,connect
gs65,gl699,connect
gs150,gl700,connect
gs209,gl701,connect
gs120,gl702,connect
gs192,gl703,connect
gs105,gl704,connect
gs40,gl705,connect
gs126,gl706,connect
gs50,gl707,connect
gs227,gl708,connect
gs186,gl709,connect
gs165,gl710,connect
gs189,gl711,connect
gs3,gl712,connect
gs93,gl713,connect
gs115,gl714,connect
gs47,gl715,connect
gs137,gl716,connect
gs186,gl717,connect
gs101,gl718,connect
gs159,gl719,connect
gs36,gl720,connect
gs218,gl721,connect
gs57,gl722,connect
gs157,gl723,connect
gs67,gl724,connect
gs43,gl725,connect
gs74,gl726,connect
gs245,gl727,connect
gs45,gl728,connect
gs125,gl729,connect
gs159,gl730,connect
gs182,gl731,connect
gs11,gl732,connect
gs96,gl733,connect
gs99,gl734,connect
gs42,gl735,connect
gs154,gl736,connect
gs104,gl737,connect
gs15,gl738,connect
gs150,gl739,connect
gs170,gl740,connect
gs97,gl741,connect
gs5,gl742,connect
gs27,gl743,connect
gs44,gl744,connect
gs186,gl745,connect
gs51,gl746,connect
gs90,gl747,connect
gs26,gl748,connect
gs169,gl749,connect
gs247,gl750,connect
gs218,gl751,connect
gs124,gl752,connect
gs183,gl753,connect
gs50,gl754,connect
gs235,gl755,connect
gs77,gl756,connect
gs243,gl757,connect
gs47,gl758,connect
gs202,gl759,connect
gs201,gl760,connect
gs195,gl761,connect
gs106,gl762,connect
gs78,gl763,connect
gs126,gl764,connect
gs197,gl765,connect
gs225,gl766,connect
gs220,gl767,connect
gs103,gl768,connect
gs217,gl769,connect
gs46,gl770,connect
gs10,gl771,connect
gs29,gl772,connect
gs136,gl773,connect
gs137,gl774,connect
gs117,gl775,connect
gs100,gl776,connect
gs80,gl777,connect
gs101,gl778,connect
gs221,gl779,connect
gs92,gl780,connect
gs42,gl781,connect
gs0,gl782,connect
gs66,gl783,connect
gs235,gl784,connect
gs1,gl785,connect
gs34,gl786,connect
gs24,gl787,connect
gs213,gl788,connect
gs157,gl789,connect
gs102,gl790,connect
gs193,gl791,connect
gs218,gl792,connect
gs222,gl793,connect
gs133,gl794,connect
gs2,gl795,connect
gs164,gl796,connect
gs242,gl797,connect
gs131,gl798,connect
gs148,gl799,connect
gs168,gl800,connect
gs119,gl801,connect
gs14,gl802,connect
gs188,gl803,connect
gs229,gl804,connect
gs20,gl805,connect
gs230,gl806,connect
gs184,gl807,connect
gs61,gl808,connect
gs78,gl809,connect
gs37,gl810,connect
gs117,gl811,connect
gs196,gl812,connect
gs177,gl813,connect
gs74,gl814,connect
gs229,gl815,connect
gs115,gl816,connect
gs225,gl817,connect
gs189,gl818,connect
gs102,gl819,connect
gs147,gl820,connect
gs16,gl821,connect
gs243,gl822,connect
gs215,gl823,connect
gs144,gl824,connect
gs180,gl825,connect
gs28,gl826,connect
gs162,gl827,connect
gs228,gl828,connect
gs99,gl829,connect
gs113,gl830,connect
gs181,gl831,connect
gs203,gl832,connect
gs105,gl833,connect
gs187,gl834,connect
gs104,gl835,connect
gs121,gl836,connect
gs228,gl837,connect
gs222,gl838,connect
gs46,gl839,connect
gs88,gl840,connect
gs188,gl841,connect
gs162,gl842,connect
gs11,gl843,connect
gs182,gl844,connect
gs193,gl845,connect
gs144,gl846,connect
gs14,gl847,connect
gs18,gl848,connect
gs47,gl849,connect
gs137,gl850,connect
gs164,gl851,connect
gs27,gl852,connect
gs137,gl853,connect
gs79,gl854,connect
gs72,gl855,connect
gs164,gl856,connect
gs192,gl857,connect
gs141,gl858,connect
gs246,gl859,connect
gs49,gl860,connect
gs71,gl861,connect
gs207,gl862,connect
gs118,gl863,connect
gs242,gl864,connect
gs40,gl865,connect
gs35,gl866,connect
gs205,gl867,connect
gs86,gl868,connect
gs182,gl869,connect
gs117,gl870,connect
gs200,gl871,connect
gs56,gl872,connect
gs182,gl873,connect
gs155,gl874,connect
gs213,gl875,connect
gs155,gl876,connect
gs160,gl877,connect
gs60,gl878,connect
gs205,gl879,connect
gs79,gl880,connect
gs127,gl881,connect
gs31,gl882,connect
gs35,gl883,connect
gs180,gl884,connect
gs91,gl885,connect
gs55,gl886,connect
gs53,gl887,connect
gs226,gl888,connect
gs72,gl889,connect
gs80,gl890,connect
gs124,gl891,connect
gs38,gl892,connect
gs141,gl893,connect
gs127,gl894,connect
gs161,gl895,connect
gs65,gl896,connect
gs181,gl897,connect
gs119,gl898,connect
gs229,gl899,connect
gs95,gl900,connect
gs150,gl901,connect
gs13,gl902,connect
gs208,gl903,connect
gs161,gl904,connect
gs149,gl905,connect
gs199,gl906,connect
gs207,gl907,connect
gs221,gl908,connect
gs89,gl909,connect
gs36,gl910,connect
gs100,gl911,connect
gs216,gl912,connect
gs0,gl913,connect
gs217,gl914,connect
gs153,gl915,connect
gs68,gl916,connect
gs0,gl917,connect
gs19,gl918,connect
gs137,gl919,connect
gs168,gl920,connect
gs214,gl921,connect
gs57,gl922,connect
gs67,gl923,connect
gs99,gl924,connect
gs205,gl925,connect
gs6,gl926,connect
gs247,gl927,connect
gs77,gl928,connect
gs186,gl929,connect
gs207,gl930,connect
gs81,gl931,connect
gs80,gl932,connect
gs41,gl933,connect
gs179,gl934,connect
gs2,gl935,connect
gs218,gl936,connect
gs46,gl937,connect
gs117,gl938,connect
gs246,gl939,connect
gs123,gl940,connect
gs152,gl941,connect
gs198,gl942,connect
gs16,gl943,connect
gs84,gl944,connect
gs149,gl945,connect
gs243,gl946,connect
gs192,gl947,connect
gs176,gl948,connect
gs127,gl949,connect
gs87,gl950,connect
gs136,gl951,connect
gs182,gl952,connect
gs198,gl953,connect
gs168,gl954,connect
gs164,gl955,connect
gs144,gl956,connect
gs7,gl957,connect
gs28,gl958,connect
gs177,gl959,connect
gs236,gl960,connect
gs40,gl961,connect
gs161,gl962,connect
gs21,gl963,connect
gs110,gl964,connect
gs20,gl965,connect
gs141,gl966,connect
gs50,gl967,connect
gs212,gl968,connect
gs96,gl969,connect
gs225,gl970,connect
gs185,gl971,connect
gs191,gl972,connect
gs97,gl973,connect
gs4,gl974,connect
gs47,gl975,connect
gs132,gl976,connect
gs151,gl977,connect
gs59,gl978,connect
gs168,gl979,connect
gs134,gl980,connect
gs67,gl981,connect
gs53,gl982,connect
gs185,gl983,connect
gs41,gl984,connect
gs176,gl985,connect
gs94,gl986,connect
gs134,gl987,connect
gs167,gl988,connect
gs8,gl989,connect
gs54,gl990,connect
gs228,gl991,connect
gs133,gl992,connect
gs130,gl993,connect
gs110,gl994,connect
gs201,gl995,connect
gs131,gl996,connect
gs21,gl997,connect
gs59,gl998,connect
gs113,gl999,connect
gs213,gl1000,connect
gs229,gl1001,connect
gs27,gl1002,connect
gs106,gl1003,connect
gs188,gl1004,connect
gs211,gl1005,connect
gs238,gl1006,connect
gs116,gl1007,connect
gs220,gl1008,connect
gs198,gl1009,connect
gs18,gl1010,connect
gs229,gl1011,connect
gs154,gl1012,connect
gs41,gl1013,connect
gs8,gl1014,connect
gs123,gl1015,connect
gs81,gl1016,connect
gs75,gl1017,connect
gs195,gl1018,connect
gs62,gl1019,connect
gs105,gl1020,connect
gs142,gl1021,connect
gs91,gl1022,connect
gs68,gl1023,connect
gs174,gl1024,connect
gs83,gl1025,connect
gs98,gl1026,connect
gs70,gl1027,connect
gs37,gl1028,connect
gs146,gl1029,connect
gs93,gl1030,connect
gs52,gl1031,connect
gs181,gl1032,connect
gs0,gl1033,connect
gs55,gl1034,connect
gs58,gl1035,connect
gs67,gl1036,connect
gs198,gl1037,connect
gs86,gl1038,connect
gs144,gl1039,connect
gs177,gl1040,connect
gs246,gl1041,connect
gs91,gl1042,connect
gs231,gl1043,connect
gs54,gl1044,connect
gs229,gl1045,connect
gs5,gl1046,connect
gs145,gl1047,connect
gs187,gl1048,connect
gs236,gl1049,connect
gs56,gl1050,connect
gs118,gl1051,connect
gs141,gl1052,connect
gs74,gl1053,connect
gs207,gl1054,connect
gs147,gl1055,connect
gs28,gl1056,connect
gs74,gl1057,connect
gs141,gl1058,connect
gs229,gl1059,connect
gs244,gl1060,connect
gs91,gl1061,connect
gs136,gl1062,connect
gs215,gl1063,connect
gs209,gl1064,connect
gs170,gl1065,connect
gs45,gl1066,connect
gs118,gl1067,connect
gs139,gl1068,connect
gs72,gl1069,connect
gs197,gl1070,connect
gs8,gl1071,connect
gs20,gl1072,connect
gs18,gl1073,connect
gs68,gl1074,connect
gs6,gl1075,connect
gs243,gl1076,connect
gs220,gl1077,connect
gs221,gl1078,connect
gs45,gl1079,connect
gs93,gl1080,connect
gs94,gl1081,connect
gs84,gl1082,connect
gs42,gl1083,connect
gs87,gl1084,connect
gs228,gl1085,connect
gs122,gl1086,connect
gs142,gl1087,connect
gs191,gl1088,connect
gs231,gl1089,connect
gs159,gl1090,connect
gs80,gl1091,connect
gs110,gl1092,connect
gs52,gl1093,connect
gs46,gl1094,connect
gs29,gl1095,connect
gs36,gl1096,connect
gs70,gl1097,connect
gs90,gl1098,connect
gs103,gl1099,connect
gs13,gl1100,connect
gs154,gl1101,connect
gs189,gl1102,connect
gs36,gl1103,connect
gs203,gl1104,connect
gs181,gl1105,connect
gs208,gl1106,connect
gs147,gl1107,connect
gs148,gl1108,connect
gs106,gl1109,connect
gs223,gl1110,connect
gs210,gl1111,connect
gs84,gl1112,connect
gs46,gl1113,connect
gs22,gl1114,connect
gs61,gl1115,connect
gs36,gl1116,connect
gs170,gl1117,connect
gs10,gl1118,connect
gs84,gl1119,connect
gs237,gl1120,connect
gs248,gl1121,connect
gs202,gl1122,connect
gs228,gl1123,connect
gs88,gl1124,connect
gs180,gl1125,connect
gs38,gl1126,connect
gs200,gl1127,connect
gs180,gl1128,connect
gs2,gl1129,connect
gs110,gl1130,connect
gs227,gl1131,connect
gs78,gl1132,connect
gs214,gl1133,connect
gs67,gl1134,connect
gs62,gl1135,connect
gs68,gl1136,connect
gs187,gl1137,connect
gs24,gl1138,connect
gs95,gl1139,connect
gs52,gl1140,connect
gs111,gl1141,connect
gs50,gl1142,connect
gs4,gl1143,connect
gs128,gl1144,connect
gs206,gl1145,connect
gs163,gl1146,connect
gs181,gl1147,connect
gs181,gl1148,connect
gs55,gl1149,connect
gs182,gl1150,connect
gs184,gl1151,connect
gs237,gl1152,connect
gs52,gl1153,connect
gs160,gl1154,connect
gs158,gl1155,connect
gs6,gl1156,connect
gs225,gl1157,connect
gs235,gl1158,connect
gs111,gl1159,connect
gs205,gl1160,connect
gs237,gl1161,connect
gs109,gl1162,connect
gs93,gl1163,connect
gs120,gl1164,connect
gs156,gl1165,connect
gs86,gl1166,connect
gs53,gl1167,connect
gs42,gl1168,connect
gs137,gl1169,connect
gs172,gl1170,connect
gs128,gl1171,connect
gs65,gl1172,connect
gs170,gl1173,connect
gs224,gl1174,connect
gs93,gl1175,connect
gs18,gl1176,connect
gs134,gl1177,connect
gs200,gl1178,connect
gs118,gl1179,connect
gs147,gl1180,connect
gs12,gl1181,connect
gs119,gl1182,connect
gs238,gl1183,connect
gs138,gl1184,connect
gs36,gl1185,connect
gs165,gl1186,connect
gs35,gl1187,connect
gs48,gl1188,connect
gs175,gl1189,connect
gs93,gl1190,connect
gs38,gl1191,connect
gs78,gl1192,connect
gs2,gl1193,connect
gs26,gl1194,connect
gs126,gl1195,connect
gs25,gl1196,connect
gs16,gl1197,connect
gs194,gl1198,connect
gs26,gl1199,connect
gs187,gl1200,connect
gs146,gl1201,connect
gs247,gl1202,connect
gs125,gl1203,connect
gs16,gl1204,connect
gs14,gl1205,connect
gs130,gl1206,connect
gs5,gl1207,connect
gs144,gl1208,connect
gs240,gl1209,connect
gs182,gl1210,connect
gs24,gl1211,connect
gs24,gl1212,connect
gs81,gl1213,connect
gs81,gl1214,connect
gs39,gl1215,connect
gs176,gl1216,connect
gs51,gl1217,connect
gs76,gl1218,connect
gs35,gl1219,connect
gs151,gl1220,connect
gs213,gl1221,connect
gs80,gl1222,connect
gs169,gl1223,connect
gs214,gl1224,connect
gs82,gl1225,connect
gs51,gl1226,connect
gs186,gl1227,connect
gs175,gl1228,connect
gs138,gl1229,connect
gs61,gl1230,connect
gs17,gl1231,connect
gs183,gl1232,connect
gs64,gl1233,connect
gs184,gl1234,connect
gs240,gl1235,connect
gs70,gl1236,connect
gs19,gl1237,connect
gs141,gl1238,connect
gs191,gl1239,connect
gs109,gl1240,connect
gs194,gl1241,connect
gs130,gl1242,connect
gs128,gl1243,connect
gs200,gl1244,connect
gs91,gl1245,connect
gs16,gl1246,connect
gs154,gl1247,connect
gs108,gl1248,connect
gs51,gl1249,connect
gs80,gl1250,connect
gs32,gl1251,connect
gs68,gl1252,connect
gs157,gl1253,connect
gs117,gl1254,connect
gs110,gl1255,connect
gs187,gl1256,connect
gs190,gl1257,connect
gs76,gl1258,connect
gs126,gl1259,connect
gs139,gl1260,connect
gs211,gl1261,connect
gs74,gl1262,connect
gs13,gl1263,connect
gs29,gl1264,connect
gs34,gl1265,connect
gs168,gl1266,connect
gs128,gl1267,connect
gs214,gl1268,connect
gs127,gl1269,connect
gs235,gl1270,connect
gs238,gl1271,connect
gs244,gl1272,connect
gs106,gl1273,connect
gs53,gl1274,connect
gs198,gl1275,connect
gs8,gl1276,connect
gs94,gl1277,connect
gs116,gl1278,connect
gs89,gl1279,connect
gs18,gl1280,connect
gs202,gl1281,connect
gs27,gl1282,connect
gs50,gl1283,connect
gs187,gl1284,connect
gs11,gl1285,connect
gs212,gl1286,connect
gs124,gl1287,connect
gs232,gl1288,connect
gs246,gl1289,connect
gs70,gl1290,connect
gs158,gl1291,connect
gs63,gl1292,connect
gs187,gl1293,connect
gs127,gl1294,connect
gs4,gl1295,connect
gs199,gl1296,connect
gs121,gl1297,connect
gs105,gl1298,connect
gs7,gl1299,connect
gs206,gl1300,connect
gs222,gl1301,connect
gs12,gl1302,connect
gs228,gl1303,connect
gs176,gl1304,connect
gs193,gl1305,connect
gs86,gl1306,connect
gs68,gl1307,connect
gs70,gl1308,connect
gs222,gl1309,connect
gs5,gl1310,connect
gs214,gl1311,connect
gs134,gl1312,connect
gs230,gl1313,connect
gs171,gl1314,connect
gs147,gl1315,connect
gs95,gl1316,connect
gs108,gl1317,connect
gs129,gl1318,connect
gs3,gl1319,connect
gs112,gl1320,connect
gs46,gl1321,connect
gs161,gl1322,connect
gs229,gl1323,connect
gs126,gl1324,connect
gs68,gl1325,connect
gs23,gl1326,connect
gs54,gl1327,connect
gs243,gl1328,connect
gs195,gl1329,connect
gs136,gl1330,connect
gs146,gl1331,connect
gs226,gl1332,connect
gs179,gl1333,connect
gs192,gl1334,connect
gs95,gl1335,connect
gs104,gl1336,connect
gs136,gl1337,connect
gs18,gl1338,connect
gs142,gl1339,connect
gs4,gl1340,connect
gs223,gl1341,connect
gs102,gl1342,connect
gs136,gl1343,connect
gs233,gl1344,connect
gs118,gl1345,connect
gs110,gl1346,connect
gs220,gl1347,connect
gs200,gl1348,connect
gs151,gl1349,connect
gs96,gl1350,connect
gs73,gl1351,connect
gs230,gl1352,connect
gs68,gl1353,connect
gs231,gl1354,connect
gs3,gl1355,connect
gs56,gl1356,connect
gs161,gl1357,connect
gs115,gl1358,connect
gs242,gl1359,connect
gs224,gl1360,connect
gs39,gl1361,connect
gs204,gl1362,connect
gs158,gl1363,connect
gs178,gl1364,connect
gs88,gl1365,connect
gs193,gl1366,connect
gs60,gl1367,connect
gs71,gl1368,connect
gs120,gl1369,connect
gs18,gl1370,connect
gs74,gl1371,connect
gs179,gl1372,connect
gs150,gl1373,connect
gs16,gl1374,connect
gs29,gl1375,connect
gs60,gl1376,connect
gs215,gl1377,connect
gs215,gl1378,connect
gs170,gl1379,connect
gs82,gl1380,connect
gs194,gl1381,connect
gs5,gl1382,connect
gs238,gl1383,connect
gs141,gl1384,connect
gs226,gl1385,connect
gs90,gl1386,connect
gs35,gl1387,connect
gs96,gl1388,connect
gs84,gl1389,connect
gs115,gl1390,connect
gs82,gl1391,connect
gs152,gl1392,connect
gs247,gl1393,connect
gs89,gl1394,connect
gs227,gl1395,connect
gs208,gl1396,connect
gs181,gl1397,connect
gs61,gl1398,connect
gs21,gl1399,connect
gs125,gl1400,connect
gs131,gl1401,connect
gs68,gl1402,connect
gs231,gl1403,connect
gs142,gl1404,connect
gs104,gl1405,connect
gs127,gl1406,connect
gs66,gl1407,connect
gs124,gl1408,connect
gs75,gl1409,connect
gs65,gl1410,connect
gs14,gl1411,connect
gs19,gl1412,connect
gs190,gl1413,connect
gs190,gl1414,connect
gs80,gl1415,connect
gs4,gl1416,connect
gs97,gl1417,connect
gs135,gl1418,connect
gs91,gl1419,connect
gs124,gl1420,connect
gs15,gl1421,connect
gs201,gl1422,connect
gs87,gl1423,connect
gs111,gl1424,connect
gs121,gl1425,connect
gs143,gl1426,connect
gs214,gl1427,connect
gs182,gl1428,connect
gs47,gl1429,connect
gs125,gl1430,connect
gs170,gl1431,connect
gs89,gl1432,connect
gs93,gl1433,connect
gs221,gl1434,connect
gs173,gl1435,connect
gs201,gl1436,connect
gs9,gl1437,connect
gs11,gl1438,connect
gs69,gl1439,connect
gs104,gl1440,connect
gs121,gl1441,connect
gs197,gl1442,connect
gs192,gl1443,connect
gs36,gl1444,connect
gs108,gl1445,connect
gs191,gl1446,connect
gs143,gl1447,connect
gs246,gl1448,connect
gs131,gl1449,connect
gs36,gl1450,connect
gs179,gl1451,connect
gs245,gl1452,connect
gs56,gl1453,connect
gs208,gl1454,connect
gs87,gl1455,connect
gs0,gl1456,connect
gs27,gl1457,connect
gs189,gl1458,connect
gs222,gl1459,connect
gs206,gl1460,connect
gs214,gl1461,connect
gs164,gl1462,connect
gs132,gl1463,connect
gs146,gl1464,connect
gs167,gl1465,connect
gs74,gl1466,connect
gs232,gl1467,connect
gs89,gl1468,connect
gs92,gl1469,connect
gs70,gl1470,connect
gs135,gl1471,connect
gs57,gl1472,connect
gs54,gl1473,connect
gs47,gl1474,connect
gs173,gl1475,connect
gs23,gl1476,connect
gs211,gl1477,connect
gs195,gl1478,connect
gs233,gl1479,connect
gs237,gl1480,connect
gs144,gl1481,connect
gs166,gl1482,connect
gs233,gl1483,connect
gs13,gl1484,connect
gs248,gl1485,connect
gs122,gl1486,connect
gs183,gl1487,connect
gs167,gl1488,connect
gs4,gl1489,connect
gs17,gl1490,connect
gs100,gl1491,connect
gs239,gl1492,connect
gs8,gl1493,connect
gs57,gl1494,connect
gs209,gl1495,connect
gs42,gl1496,connect
gs173,gl1497,connect
gs156,gl1498,connect
gs155,gl1499,connect
